record_number,paid,outstanding,scrape_status
BA-202506365,1080.0,0.0,success
BA-202506364,0.0,0.0,success
BA-202506357,4650.0,0.0,success
BA-202506355,2030.0,0.0,success
BA-202506344,4920.0,0.0,success
BA-202506329,0.0,0.0,success
BA-202506310,13620.0,0.0,success
BA-202506307,0.0,1440.0,success
BA-202506303,1610.0,0.0,success
BA-202506300,1340.0,0.0,success
BA-202506279,0.0,0.0,success
BA-202506269,1400.0,0.0,success
BA-202506268,0.0,0.0,success
BA-202506266,0.0,1460.0,success
BA-202506265,0.0,2520.0,success
BA-202506264,0.0,0.0,success
BA-202506258,0.0,0.0,success
BA-202506238,0.0,0.0,success
BA-202506226,1140.0,0.0,success
BA-202506185,2600.0,0.0,success
BA-202506183,0.0,1010.0,success
BA-202506179,8085.0,0.0,success
BA-202506163,0.0,12210.0,success
BA-202506146,0.0,3950.0,success
BA-202506127,0.0,3320.0,success
BA-202506100,19630.0,0.0,success
BA-202506065,0.0,0.0,success
BA-202505935,8110.0,0.0,success
BA-202505910,3220.0,0.0,success
BA-202505907,3760.0,0.0,success
BA-202505894,7100.0,0.0,success
BA-202505878,870.0,0.0,success
BA-202505854,4420.0,0.0,success
BA-202505811,4420.0,0.0,success
BA-202505808,0.0,10740.0,success
BA-202505792,1550.0,0.0,success
BA-202505782,4490.0,0.0,success
BA-202505778,0.0,0.0,success
BA-202505771,0.0,0.0,success
BA-202505745,1850.0,0.0,success
BA-202505711,0.0,1230.0,success
BA-202505681,2120.0,0.0,success
BA-202505655,2120.0,0.0,success
BA-202505612,0.0,2930.0,success
BA-202505610,0.0,4440.0,success
BA-202505587,3970.0,0.0,success
BA-202505584,1140.0,0.0,success
BA-202505580,1450.0,0.0,success
BA-202505556,1550.0,0.0,success
BA-202505534,3760.0,0.0,success
BA-202505519,3340.0,0.0,success
BA-202505514,0.0,0.0,success
BA-202505508,0.0,0.0,success
BA-202505495,4060.0,0.0,success
BA-202505485,0.0,1380.0,success
BA-202505453,0.0,1820.0,success
BA-202505450,780.0,0.0,success
BA-202505435,1080.0,0.0,success
BA-202505412,4170.0,0.0,success
BA-202505392,870.0,0.0,success
BA-202505391,0.0,0.0,success
BA-202505385,6950.0,0.0,success
BA-202505383,0.0,0.0,success
BA-202505382,1200.0,0.0,success
BA-202505369,5820.0,0.0,success
BA-202505358,0.0,10675.0,success
BA-202505354,10675.0,0.0,success
BA-202505353,5610.0,0.0,success
BA-202505344,1860.0,0.0,success
BA-202505329,2950.0,0.0,success
BA-202505323,6980.0,0.0,success
BA-202505294,1260.0,0.0,success
BA-202505289,0.0,9030.0,success
BA-202505288,1110.0,0.0,success
BA-202505267,1520.0,0.0,success
BA-202505261,5790.0,0.0,success
BA-202505246,6100.0,0.0,success
BA-202505165,0.0,4510.0,success
BA-202505164,0.0,0.0,success
BA-202505150,0.0,2390.0,success
BA-202505147,4060.0,0.0,success
BA-202505144,1760.0,0.0,success
BA-202505121,9560.0,0.0,success
BA-202505081,0.0,0.0,success
BA-202505078,0.0,0.0,success
BA-202505071,0.0,1770.0,success
BA-202505051,6210.0,0.0,success
BA-202505048,3100.0,0.0,success
BA-202505045,3130.0,0.0,success
BA-202505039,0.0,12890.0,success
BA-202505018,3040.0,0.0,success
BA-202505016,3320.0,0.0,success
BA-202505008,0.0,14180.0,success
BA-202504992,7460.0,0.0,success
BA-202504959,2620.0,0.0,success
BA-202504956,0.0,0.0,success
BA-202504939,2830.0,0.0,success
BA-202504911,0.0,0.0,success
BA-202504895,1430.0,0.0,success
BA-202504787,0.0,13800.0,success
BA-202504775,0.0,0.0,success
BA-202504774,0.0,0.0,success
BA-202504744,0.0,0.0,success
BA-202504742,3880.0,0.0,success
BA-202504726,5250.0,0.0,success
BA-202504723,1510.0,0.0,success
BA-202504637,10620.0,0.0,success
BA-202504594,3880.0,0.0,success
BA-202504578,4530.0,0.0,success
BA-202504567,1740.0,0.0,success
BA-202504565,990.0,0.0,success
BA-202504557,0.0,8560.0,success
BA-202504522,0.0,7600.0,success
BA-202504494,10070.0,0.0,success
BA-202504426,2750.0,0.0,success
BA-202504424,1380.0,0.0,success
BA-202504421,0.0,0.0,success
BA-202504394,0.0,0.0,success
BA-202504384,0.0,0.0,success
BA-202504383,840.0,0.0,success
BA-202504335,0.0,0.0,success
BA-202504303,23620.0,0.0,success
BA-202504295,10350.0,0.0,success
BA-202504219,0.0,3020.0,success
BA-202504165,0.0,14360.0,success
BA-202504156,0.0,2200.0,success
BA-202504145,930.0,0.0,success
BA-202504143,0.0,870.0,success
BA-202504127,0.0,1290.0,success
BA-202504092,0.0,4860.0,success
BA-202504004,1560.0,0.0,success
BA-202503995,1650.0,0.0,success
BA-202503967,0.0,0.0,success
BA-202503908,1830.0,0.0,success
BA-202503891,1010.0,0.0,success
BA-202503888,0.0,0.0,success
BA-202503887,1590.0,0.0,success
BA-202503877,0.0,5550.0,success
BA-202503876,2930.0,0.0,success
BA-202503856,0.0,6680.0,success
BA-202503825,960.0,0.0,success
BA-202503803,0.0,0.0,success
BA-202503790,0.0,1530.0,success
BA-202503780,0.0,4830.0,success
BA-202503766,0.0,5200.0,success
BA-202503765,0.0,10870.0,success
BA-202503702,2960.0,0.0,success
BA-202503696,1550.0,0.0,success
BA-202503643,6190.0,0.0,success
BA-202503640,9600.0,0.0,success
BA-202503588,0.0,2520.0,success
BA-202503583,0.0,0.0,success
BA-202503576,0.0,0.0,success
BA-202503572,960.0,0.0,success
BA-202503515,1200.0,0.0,success
BA-202503496,1520.0,0.0,success
BA-202503471,6440.0,0.0,success
BA-202503469,0.0,1650.0,success
BA-202503453,4890.0,0.0,success
BA-202503407,0.0,7040.0,success
BA-202503365,2830.0,0.0,success
BA-202503363,0.0,0.0,success
BA-202503361,2480.0,0.0,success
BA-202503350,1730.0,0.0,success
BA-202503339,3500.0,0.0,success
BA-202503322,13570.0,0.0,success
BA-202503301,3460.0,0.0,success
BA-202503237,510.0,0.0,success
BA-202503204,3910.0,0.0,success
BA-202503203,0.0,0.0,success
BA-202503194,3410.0,0.0,success
BA-202503152,3050.0,0.0,success
BA-202503126,4540.0,0.0,success
BA-202503122,1850.0,0.0,success
BA-202503113,0.0,0.0,success
BA-202503102,0.0,7050.0,success
BA-202503095,0.0,0.0,success
BA-202503080,0.0,5540.0,success
BA-202503011,0.0,0.0,success
BA-202503010,1770.0,0.0,success
BA-202502956,0.0,0.0,success
BA-202502935,0.0,1080.0,success
BA-202502867,0.0,1010.0,success
BA-202502866,0.0,0.0,success
BA-202502817,2240.0,0.0,success
BA-202502798,575.0,0.0,success
BA-202502792,780.0,0.0,success
BA-202502778,3650.0,0.0,success
BA-202502706,19220.0,0.0,success
BA-202502696,16140.0,0.0,success
BA-202502606,960.0,0.0,success
BA-202502605,0.0,1310.0,success
BA-202502571,1850.0,0.0,success
BA-202502526,0.0,0.0,success
BA-202502495,0.0,2520.0,success
BA-202502492,0.0,1050.0,success
BA-202502489,0.0,15830.0,success
BA-202502484,2980.0,0.0,success
BA-202502475,2980.0,0.0,success
BA-202502474,0.0,0.0,success
BA-202502472,0.0,0.0,success
BA-202502464,2240.0,0.0,success
BA-202502445,0.0,0.0,success
BA-202502432,0.0,0.0,success
BA-202502424,0.0,1320.0,success
BA-202502390,1510.0,0.0,success
BA-202502382,0.0,4420.0,success
BA-202502376,0.0,3580.0,success
BA-202502370,0.0,8380.0,success
BA-202502335,8380.0,0.0,success
BA-202502316,0.0,2480.0,success
BA-202502276,960.0,0.0,success
BA-202502274,0.0,0.0,success
BA-202502265,1500.0,0.0,success
BA-202502252,4320.0,0.0,success
BA-202502197,5430.0,0.0,success
BA-202502180,2660.0,0.0,success
BA-202502157,960.0,0.0,success
BA-202502156,7160.0,0.0,success
BA-202502120,6650.0,0.0,success
BA-202502112,3170.0,0.0,success
BA-202502076,0.0,0.0,success
BA-202502075,0.0,10070.0,success
BA-202502068,0.0,24400.0,success
BA-202502035,3250.0,0.0,success
BA-202502019,14950.0,0.0,success
BA-202502018,4030.0,0.0,success
BA-202501977,0.0,0.0,success
BA-202501965,1760.0,0.0,success
BA-202501961,1320.0,0.0,success
BA-202501955,0.0,2680.0,success
BA-202501953,1050.0,0.0,success
BA-202501933,0.0,2520.0,success
BA-202501922,3890.0,0.0,success
BA-202501920,2330.0,0.0,success
BA-202501919,1640.0,0.0,success
BA-202501891,50.0,0.0,success
BA-202501879,8050.0,0.0,success
BA-202501866,0.0,1680.0,success
BA-202501826,12110.0,0.0,success
BA-202501810,6590.0,0.0,success
BA-202501802,0.0,0.0,success
BA-202501801,0.0,0.0,success
BA-202501769,0.0,4400.0,success
BA-202501727,0.0,0.0,success
BA-202501698,555.0,0.0,success
BA-202501669,3020.0,0.0,success
BA-202501656,0.0,900.0,success
BA-202501625,0.0,1010.0,success
BA-202501623,2210.0,0.0,success
BA-202501568,0.0,0.0,success
BA-202501551,0.0,0.0,success
BA-202501507,24160.0,0.0,success
BA-202501475,840.0,0.0,success
BA-202501438,12580.0,0.0,success
BA-202501396,0.0,0.0,success
BA-202501392,7450.0,0.0,success
BA-202501389,24160.0,0.0,success
BA-202501386,3520.0,0.0,success
BA-202501370,11040.0,0.0,success
BA-202501332,0.0,3410.0,success
BA-202501325,0.0,1910.0,success
BA-202501297,0.0,2180.0,success
BA-202501285,0.0,0.0,success
BA-202501284,3310.0,0.0,success
BA-202501281,0.0,0.0,success
BA-202501246,1520.0,0.0,success
BA-202501225,1520.0,0.0,success
BA-202501193,1460.0,0.0,success
BA-202501162,1580.0,0.0,success
BA-202501156,8560.0,0.0,success
BA-202501130,1710.0,0.0,success
BA-202501114,900.0,0.0,success
BA-202500980,0.0,14600.0,success
BA-202500964,1350.0,0.0,success
BA-202500960,0.0,0.0,success
BA-202500959,2630.0,0.0,success
BA-202500929,0.0,0.0,failed
BA-202500921,0.0,0.0,failed
BA-202500905,0.0,2450.0,success
BA-202500858,1320.0,0.0,success
BA-202500856,1790.0,0.0,success
BA-202500839,19710.0,0.0,success
BA-202500808,22500.0,0.0,success
BA-202500806,11090.0,0.0,success
BA-202500778,0.0,0.0,success
BA-202500774,0.0,0.0,success
BA-202500762,0.0,0.0,success
BA-202500759,2540.0,0.0,success
BA-202500732,0.0,0.0,success
BA-202500727,1460.0,0.0,success
BA-202500679,3650.0,0.0,success
BA-202500664,113.0,0.0,success
BA-202500627,113.0,0.0,success
BA-202500586,0.0,0.0,success
BA-202500570,0.0,0.0,failed
BA-202500562,14580.0,0.0,success
BA-202500483,0.0,6480.0,success
BA-202500458,1260.0,0.0,success
BA-202500429,0.0,0.0,success
BA-202500427,0.0,0.0,failed
BA-202500424,0.0,0.0,failed
BA-202500416,0.0,0.0,failed
BA-202500390,0.0,10070.0,success
BA-202500386,0.0,48740.0,success
BA-202500379,900.0,0.0,success
BA-202500367,6120.0,0.0,success
BA-202500357,7525.0,0.0,success
BA-202500355,0.0,1760.0,success
BA-202500344,4860.0,0.0,success
BA-202500315,0.0,0.0,success
BA-202500304,14730.0,0.0,success
BA-202500286,4320.0,0.0,success
BA-202500277,0.0,2130.0,success
BA-202500247,0.0,0.0,success
BA-202500244,17290.0,0.0,success
BA-202500230,0.0,0.0,success
BA-202500226,0.0,0.0,success
BA-202500222,1500.0,0.0,success
BA-202500212,0.0,0.0,success
BA-202500173,1940.0,0.0,success
BA-202500170,2300.0,0.0,success
BA-202500151,2000.0,0.0,success
BA-202500130,1740.0,0.0,success
BA-202500031,3850.0,0.0,success
BA-202500028,3140.0,0.0,success
BA-202500017,0.0,3020.0,success
BA-202500008,3760.0,0.0,success
BA-202500007,2980.0,0.0,success
BA-202500001,0.0,13200.0,success
