Date,Record Number,Record Type,Address,Latitude,Longitude,Permit Name,Status,Description
12/31/2025,BA-202506365,Arborist Illegal Activity,"1111 BOULEVARD DR SE, ATLANTA GA 30312",33.75350036,-84.35066142,Illegal Removal ,Fine,Fine and fees for the illegal removal of one unknown DBH HW in the ROW at this address
12/31/2025,BA-202506364,Arborist Illegal Activity,"1248 OAKCREST DR SW, ATLANTA GA 30311",33.7232131,-84.491701,Illegal Removal,Fine,"Removal of the following 32 trees without permit: 11"" HW (T1), 11"" HW (T2), 16"" HW (T3), 35"" HW (T4), 10"" HW (T6), 11"" HW (T7), 15"" HW (T8), 10"" HW (T9), 14"" HW (T10), 22"" HW (T11), 10"" HW (T12), 27"" HW (T13), 12"" HW (T14), 11"" HW (T15), 11"" HW (T17), 19"" HW (T18), 18"" HW (T20), 17"" HW (T22), 24"" HW (T23), 22"" HW (T24), 17"" HW (T25), 12"" HW (T26), 10"" HW (T27), 18"" HW (T28), 17"" HW (T29), 21"" PN (T32), 17"" HW (T33), 19"" HW (T34), 15"" HW (T35), 23"" HW (T36), 14"" HW (T37), & 10"" HW (T38)."
12/30/2025,BA-202506357,Arborist Illegal Activity,"3108 STONEGATE DR SW, ATLANTA GA 30331",33.67086305,-84.49273128,Illegal Removal,Fine,"Removal of three 15"" hickory trees without permit."
12/30/2025,BA-202506355,Arborist Illegal Activity,"1912 LENOX RD NE, ATLANTA GA 30306",33.806995,-84.3511552,Illegal Activity,Fine,"31"" Magnolia tree removed from front yard before permit issuance."
12/29/2025,BA-202506344,Arborist Illegal Activity,"1820 NORTH AVE NW, ATLANTA GA 30318",33.7682319,-84.4464892,Illegal Removal,Fine,"The following three private property trees were removed without permit: one 18"" oak, one 15"" oak, and one 21"" oak."
12/29/2025,BA-202506329,Arborist Illegal Activity,"1340 BERWICK AVE NE, ATLANTA GA 30306",33.791043,-84.3592153,Illegal Activity,Fine,"Tree #10 (13"" Hackberry) and tree #11 (8"" Poplar) removed without permit application, or issuance."
12/26/2025,BA-202506310,Arborist Illegal Activity,"784 SPRINGDALE RD NE, ATLANTA GA 30306",33.7758156,-84.3451571,Illegal Activity,Fine,"9 trees, at 124 diameter inches, removed without permit issuance. The trees include trees # 21, 22, 29, 35, 42, 64, 65, 94, & 95, on the data chart provided with permit number BB-202504597."
12/24/2025,BA-202506307,Arborist Illegal Activity,"994 DONNELLY AVE SW, ATLANTA GA 30310",33.7279016,-84.4197432,Illegal Destruction,Fine,"Destruction of one 28"" sweetgum, due to its structural root plate being severed."
12/23/2025,BA-202506303,Arborist Illegal Activity,"909 COURTENAY DR NE, ATLANTA GA 30306",33.7897217,-84.357308,Illegal Activity,Fine,"Illegal tree destruction. Grading outside of the approved LOD and impacting over 33% of the net root zone of a 17"" Magnolia tree located on the neighboring property (903 Courtenay Dr)."
12/23/2025,BA-202506300,Arborist Illegal Activity,"952 CUMBERLAND RD NE, ATLANTA GA 30306",33.7958915,-84.3560278,Illegal Activity,Fine,"8"" Tree in rear left shown as preserved on the previous approved plan (BB-202202144), has been removed without permit application, or issuance."
12/22/2025,BA-202506279,Arborist Illegal Activity,"1841 ALMETA AVE NE, ATLANTA GA 30307",33.7662037,-84.3278461,Illegal Activity,Fine,"7"", 10"", 8"", & 7"" trees removed from rear yard without permit application, or issuance."
12/19/2025,BA-202506269,Arborist Illegal Activity,"4219 BEVERLY LN NE, ATLANTA GA 30342",33.8699155,-84.375549,Unpermitted Destruction,Fine,"Unpermitted removal of 3/3/4"" hickory shown on plans and removed before precon for wall project"
12/19/2025,BA-202506268,Arborist Illegal Activity,"331 HERRINGTON DR NE, ATLANTA GA 30342",33.8669493,-84.3767756,Investigation,Fine,
12/19/2025,BA-202506266,Arborist Illegal Activity,"1061 HOWELL MILL RD NW, ATLANTA GA 30318",33.7836728,-84.4117369,Illegal Activty,Fine,"Illegal destruction of 12"" Oak. Destroyed due to removal of entire canopy."
12/19/2025,BA-202506265,Arborist Illegal Activity,"2824 WATERS RD SW, ATLANTA GA 30354",33.67754032,-84.39181092,Illegal Activity,Fine,Illegal Removal of two Pines in the front. Diameters unknown.
12/19/2025,BA-202506264,Arborist Illegal Activity,"772 UNITED AVE SE, ATLANTA GA 30312",33.7329149,-84.3646085,Illegal Activity,Closed,Illegal removal of two River Birches in the front of the property. Diameter unknown.
12/18/2025,BA-202506258,Arborist Illegal Activity,"98 HOGUE ST NE, ATLANTA GA 30312",33.7570635,-84.3712152,IIllegal Activity,Fine,"Fines and fees associated with the illegal destruction of 5 ROW trees and the illegal removal of one ROW tree, totalling 60"" DBH"
12/17/2025,BA-202506238,Arborist Illegal Activity,"3212 TOWERVIEW DR NE, ATLANTA GA 30324",33.8414365,-84.3535558,Investigation,Fine,"Illegal tree destruction of (1) 22"" Beech (Sideyard Left)."
12/16/2025,BA-202506226,Arborist Illegal Activity,"1235 OAK ST SW, ATLANTA GA 30310",33.7405667,-84.4282504,Illegal Destruction,Fine,"Destruction of one 18"" maple tree without permit."
12/12/2025,BA-202506185,Arborist Illegal Activity,"3 CHEROKEE RD NW, ATLANTA GA 30305",33.834027,-84.391173,Site Investigation,Fine,
12/12/2025,BA-202506183,Arborist Illegal Activity,"2925 LOOKOUT PL NE, ATLANTA GA 30305",33.834514,-84.3744713,Investigation,Fine,
12/12/2025,BA-202506179,Arborist Illegal Activity,"3740 POWERS FERRY RD NW, ATLANTA GA 30342",33.8572288,-84.3850559,Site Investigation,Fine,"5 trees destroyed by work prior to any permitting, reported on plans submitted due to Site Development SWOCredit given for 1 tree at 2.5"" not the 7 at 17.5"" reported on plans due to spacing not documentedPines at 16"", 18"", 18"", 24""Sweetgum at 16"""
12/11/2025,BA-202506163,Arborist Illegal Activity,"1220 WEST WESLEY RD NW, ATLANTA GA 30327",33.8422279,-84.458387,Unpermitted Destruction,Fine,"Unpermitted removal of multiple trees at rearBeech- 24"" 28""White oak 27""Tulip-poplar 28"" 12"" 44""Sweetgum 24""SWO posted on siteApex Tree on site picking up logs"
12/10/2025,BA-202506146,Arborist Illegal Activity,"446 LANGHORN ST SW, ATLANTA GA 30310",33.7425246,-84.4322828,Illegal Removal,Fine,"Removal of the following two trees without permit: one 44"" oak and one 31"" hackberry."
12/10/2025,BA-202506127,Arborist Illegal Activity,"2091 BROWNS MILL RD SE, ATLANTA GA 30315",33.6971014,-84.3743318,Illegal Activity,Fine,"Trees 1070 and 1071 were removed prior to completion of yellow posting. 28"" Hardwood26"" Hardwood54"" total."
12/8/2025,BA-202506100,Arborist Illegal Activity,"2649 RIDGE VALLEY RD NW, ATLANTA GA 30327",33.8315554,-84.4394122,Unpermitted Removal,Fine,"Unpermitted removal of multiple trees beyond the sole DDH approved pine on site24"" pine, 14"" hardwood at front right43"" tulip-poplar, 26"" pine, 14"" pine, 20"" hardwood right and rear right of house25"" pine, 25"" pine, 6"" hardwood, 10"" sweetgum, 15"" hackberry, 15"" oak 14"" oak left of property11"" trees at 251"" destroyed on site"
12/4/2025,BA-202506065,Arborist Illegal Activity,"147 EAST LAKE TER SE, ATLANTA GA 00000",33.748502,-84.3142346,Illegal Activity,Fine,"Grading and digging outside of the approved LOD. Structural root plate cut on tree #5 (15"" Hemlock)."
11/21/2025,BA-202505935,Arborist Illegal Activity,"1711 HORTENSE PL NW, ATLANTA GA 30318",33.7762453,-84.4423471,Illegal Activity,Fine,"Trees #3, 5, 6, & 7 shown on site plan associated with BB-202508375 removed without permit application, or issuance. Tree #4 removed before yellow posting and before permit issuance."
11/20/2025,BA-202505910,Arborist Illegal Activity,"909 COURTENAY DR NE, ATLANTA GA 30306",33.7897217,-84.357308,Illegal Activity,Fine,"Grading outside of the approved LOD compromised over 33% of the net root zone on tree #9 (27"" Poplar). Illegal removal of tree #7 (7"" Boxelder)"
11/20/2025,BA-202505907,Arborist Illegal Activity,"1597 ALDER CT SE, ATLANTA GA 30317",33.7493403,-84.3352372,Illegal Activity,Fine,"Grading and land disturbance outside of the approved LOD impacting the SRP of a 44"" Oak in the rear center and an 8"" Pecan on the right side of the property."
11/19/2025,BA-202505894,Arborist Illegal Activity,"959 ALLOWAY PL SE, ATLANTA GA 30316",33.7281713,-84.3561678,Illegal Activity,Fine,"Fines and fees associated with the illegal destruction of 5 trees totaling 70"" DBH. Trees were destroyed by unapproved construction."
11/19/2025,BA-202505878,Arborist Illegal Activity,"347 FORTUNE ST NE, ATLANTA GA 30312",33.7626737,-84.3665451,Illegal Activity,Fine,"Removal of a 9"" Hardwood without a permit."
11/17/2025,BA-202505854,Arborist Illegal Activity,"1590 EVANS DR SW, ATLANTA GA 30310",33.7105496,-84.4241541,Illegal Removal,Fine,"Removal of the following three trees without permit: (T148) 10"" water oak, (T183) 10"" hemlock, (T215) 34"" water oak."
11/14/2025,BA-202505811,Arborist Illegal Activity,"1300 PASADENA AVE NE, ATLANTA GA 30306",33.7987602,-84.3444617,Illegal Activity,Fine,"26"" Pine in the rear left, 27"" Pine in the rear center, and 35"" Sweetgum on the right of the house were all removed after permit denial."
11/14/2025,BA-202505808,Arborist Illegal Activity,"3620 RIDGEWOOD RD NW, ATLANTA GA 30327",33.8543717,-84.4415856,Unpermitted Destruction,Fine,"Unpermitted destruction by topping of 6 crape myrtles at front, 6 trees at 138""Topping specifically stated in tree ordinance as violation and is not arboriculturally sound practice"
11/13/2025,BA-202505792,Arborist Illegal Activity,"17 LAKEVIEW DR NE, ATLANTA GA 30317",33.7518992,-84.3137257,Illegal Activity,Fine,"15"" Hemlock tree removed from the front yard without permit application, or issuance."
11/13/2025,BA-202505782,Arborist Illegal Activity,"615 OLD IVY RD NE, ATLANTA GA 30342",33.8570431,-84.3671774,Unpermitted Removal,Fine,"Unpermitted removal of multiple trees on sitePine and oak at left of house removed and ground before measurements29"" pine at rear leftWater oak at right poorly pruned, reported to be removed later by crew on site"
11/12/2025,BA-202505778,Arborist Illegal Activity,"392 CAREY DR SE, ATLANTA GA 30315",33.6939814,-84.376198,Illegal Removal,Fine,"Illegal removal of a 12"" Pine at rear left without a permit."
11/12/2025,BA-202505771,Arborist Illegal Activity,"351 PETERS ST SW, ATLANTA GA 30313",33.7450548,-84.4042447,Illegal Removal,Fine,"Removal of one 16"" hardwood without permit."
11/10/2025,BA-202505745,Arborist Illegal Activity,"4108 NORTH IVY RD NE, ATLANTA GA 30342",33.8674318,-84.3658593,Unpermitted Removal,Fine,"Unpermitted removal of 25"" sweetgum at front, previously issued permit approved 1 26"" sweetgum.  2 trees were removed"
11/7/2025,BA-202505711,Arborist Illegal Activity,"841 LULLWATER PARK LN NE, ATLANTA GA 30306",33.77726342,-84.34651681,Illegal Activity,Fine,"21"" Hardwood was removed in the front of 841 Lullwater Park Lane. There was no permit application, or issuance."
11/6/2025,BA-202505681,Arborist Illegal Activity,"1597 ALDER CT SE, ATLANTA GA 30317",33.7493403,-84.3352372,Illegal Activity,Fine,"34"" Oak tree removed from center of rear yard. There is no permit application, or issuance for the removal."
11/5/2025,BA-202505655,Arborist Illegal Activity,"4287 GLENGARY DR NE, ATLANTA GA 30342",33.8717298,-84.362007,Unpermitted Destruction,Fine,"Unpermitted destruction reported by designer of T6, 34"" hardwood at front"
11/4/2025,BA-202505612,Arborist Illegal Activity,"1852 LANGSTON AVE SW, ATLANTA GA 30310",33.7044097,-84.4192812,Illegal Removal,Fine,"The following two trees were removed without permit: one 24"" hardwood and one 17"" hardwood."
11/4/2025,BA-202505610,Arborist Illegal Activity,"215 FLORA AVE NE, ATLANTA GA 30307",33.7595765,-84.3435838,Illegal Activity,Fine,"Illegal removal of 11"" Oak, 17"" Elm, & 10"" Elm along right side of property. No permit was applied, or issued for the removals."
11/3/2025,BA-202505587,Arborist Illegal Activity,"1569 LANGSTON AVE SW, ATLANTA GA 30310",33.7129547,-84.4238268,Illegal Removal,Fine,"Removal of the following three trees without permit: 18"" red oak, 9"" hardwood, and 12"" sweetgum."
11/3/2025,BA-202505584,Arborist Illegal Activity,"3475 FAIRBURN PL NW, ATLANTA GA 30331",33.772114,-84.5012207,Illegal Removal,Fine,"Removal of one 18"" red maple without permit."
11/3/2025,BA-202505580,Arborist Illegal Activity,"3499 NANCY CREEK RD NW, ATLANTA GA 30327",33.8508408,-84.4401535,Unpermitted Removal,Fine,"Removal of 18"" oak prior to inspection for yellow postingCredit given for 1 replacement overstory at 3"" as per plan"
10/31/2025,BA-202505556,Arborist Illegal Activity,"1331 GREENLAND DR NE, ATLANTA GA 30306",33.7909872,-84.3609879,Illegal Activity,Fine,"Fence installed outside of the approved LOD. Fence post dug into the SRP of a 15"" Poplar in the rear right. This tree is labelled s a 15"" Oak on the plan."
10/30/2025,BA-202505534,Arborist Illegal Activity,"4501 WIEUCA RD NE, ATLANTA GA 30342",33.8735669,-84.3765321,Unpermitted Destruction,Fine,"Unpermitted destruction of 14"" pine and 38"" hardwood at right, pine by destruction of upper canopy, hardwood by construction well within the SRP of tree outside of permitted LoD"
10/29/2025,BA-202505519,Arborist Illegal Activity,"1490 BROOKLYN AVE NW, ATLANTA GA 30309",33.795385,-84.403428,Illegal Tree Removal,Fine,"Illegal tree removal of (3)6"" Hardwoods."
10/29/2025,BA-202505514,Arborist Illegal Activity,"1890 WEST PACES FERRY RD NW, ATLANTA GA 30327",33.846593,-84.4514704,Unpermitted Destruction,Fine,"Unpermitted destruction by topping of 3 Kousa dogwood at front right of drive3 trees at 10"" each"
10/28/2025,BA-202505508,Arborist Illegal Activity,"140 CHASTAIN PARK AVE NW, ATLANTA GA 30339",33.8751827,-84.3913426,Illegal Tree Removal,Fine,"Fines and fees assocaiated with the illegal removal of 46 trees and 650"" DBH"
10/28/2025,BA-202505495,Arborist Illegal Activity,"854 COURTENAY DR NE, ATLANTA GA 30306",33.7901736,-84.3591071,Illegal Activity,Fine,"SRP impacted with construction activities outside of the approved LOD on trees #2 (26"" Oak) and tree #7 (36"" Poplar)"
10/27/2025,BA-202505485,Arborist Illegal Activity,"132 RACINE ST SW, ATLANTA GA 30314",33.7515518,-84.4409927,Illegal Destruction,Invoiced,"Destruction of one 26"" water oak tree without permit."
10/24/2025,BA-202505453,Arborist Illegal Activity,"147 EAST LAKE TER SE, ATLANTA GA 00000",33.748502,-84.3142346,Illegal Activity,Fine,"Tree #4 (24"" HW) was removed before the posting."
10/24/2025,BA-202505450,Arborist Illegal Activity,"1579 LANGSTON AVE SW, ATLANTA GA 30310",33.7128387,-84.4237787,Illegal Removal,Fine,"Removal of one 6"" hardwood without permit."
10/23/2025,BA-202505435,Arborist Illegal Activity,"2257 BARGE RD SW, ATLANTA GA 30331",33.6940699,-84.5065992,Illegal Destruction,Fine,"Destruction of one 16"" magnolia tree without permit."
10/22/2025,BA-202505412,Arborist Illegal Activity,"827 BROOKRIDGE DR NE, ATLANTA GA 30306",33.7844229,-84.3600361,Illegal Activity,Fine,"Tree #11 (8"" HW, tree #12 (10"" HW), and tree #13 (11"" HW) removed without permit application, or issuance."
10/22/2025,BA-202505392,Arborist Illegal Activity,"1121 TUCKER AVE SW, ATLANTA GA 30310",33.7250448,-84.4240091,Illegal Removal,Fine,"Removal of one 9"" magnolia tree without permit."
10/22/2025,BA-202505391,Arborist Illegal Activity,"1558 FOOTE ST NE, ATLANTA GA 30307",33.75812837,-84.3364348,Illegal Activity,Fine,"Land disturbance outside of the approved LOD. SRP impacted on 49"" Water Oak on adjacent property in the front left. Over 33% net root zone impacted on 24"" Pecan in front on right side. 24"" HW removed from the right side of the house without permit application, or issuance."
10/21/2025,BA-202505385,Arborist Illegal Activity,"3209 WEST SHADOWLAWN AVE NE, ATLANTA GA 30305",33.8433378,-84.3746713,Illegal Tree Destruction,Fine,"Illegal tree destruction of (1)9"" Sweetgum, (1)12"" Oak, (1)8"" Sweetgum, (1)12"" Oak, & (1)24"" Pine."
10/21/2025,BA-202505383,Arborist Illegal Activity,"603 EAST PACES FERRY RD NE, ATLANTA GA 30305",33.8396236,-84.3675456,Investigation,Pending - Illegal Activity,
10/21/2025,BA-202505382,Arborist Illegal Activity,"181 ADAIR AVE SE, ATLANTA GA 30315",33.7059933,-84.3822523,Illegal Tree Destruction,Fine,"Fine and fees for illegal tree destruction of one 20"" DBH HW in the ROW due to unpermitted construction."
10/21/2025,BA-202505369,Arborist Illegal Activity,"4197 NORTH STRATFORD RD NE, ATLANTA GA 30342",33.8677715,-84.3597284,Unpermitted Destruction,Fine,"Reported unpermitted destruction of T5, T16, T173 trees at 84"" destroyed"
10/20/2025,BA-202505358,Arborist Illegal Activity,"532 VALLEY RD NW, ATLANTA GA 30305",33.8561192,-84.4045453,Illegal Activity,Fine,"Per decision of the TCC, The fine (record BA-202303915), Should be split in half. Half of the fines and fees are reflected on the contractor (American Outdoor), and the remaining half is the responsibility of the homeowner. This record is the portion imposed on American Outdoor."
10/20/2025,BA-202505354,Arborist Illegal Activity,"532 VALLEY RD NW, ATLANTA GA 30305",33.8561192,-84.4045453,Illegal Activity,Fine,"Per decision of the TCC, 1/2 of the fines and fees (from record BA-202303915) are reflected on the contractor (American Outdoor), and the remaining portion is reflected on the property owner."
10/20/2025,BA-202505353,Arborist Illegal Activity,"2723 HOSEA L WILLIAMS DR SE, ATLANTA GA 30317",33.751349,-84.2976173,Illegal Activity,Fine,"Illegal Destruction of (3) trees bi impacting the SRP while working outside of the approved LOD. #8 (38"" Poplar), #10 (18"" Sweetgum), #11 (21"" Pine)"
10/20/2025,BA-202505344,Arborist Illegal Activity,"2495 HOSEA L WILLIAMS DR SE, ATLANTA GA 30317",33.7509746,-84.3069207,Illegal Activity,Fine,"42"" Oak tree removed from the front left corner of the property. There was no permit application, or issuance for the removal."
10/17/2025,BA-202505329,Arborist Illegal Activity,"1150 ALTA AVE NE, ATLANTA GA 30307",33.7609452,-84.3501281,Illegal Activity,Fine,Digging in the SRP of tree #5. Digging in SRP and attaching fence to tree #3. No permit exists for the new fence. The trees are destroyed as defined in section 158-26.
10/17/2025,BA-202505323,Arborist Illegal Activity,"983 STOVALL BLVD NE, ATLANTA GA 30319",33.8609076,-84.3554609,Unpermitted Removal,Fine,"Unpermitted removal of additional trees at front beyond DDH and previous destruction 24"" magnolia and 6"" holly at front right 22"" and 34"" pine at front left 4 trees at 86"""
10/16/2025,BA-202505294,Arborist Illegal Activity,"181 ADAIR AVE SE, ATLANTA GA 30315",33.7059933,-84.3822523,Illegal Tree Removal,Fine,Illegal Tree Removal from unpermitted installation of new driveway
10/16/2025,BA-202505289,Arborist Illegal Activity,"3451 PACES VALLEY RD NW, ATLANTA GA 30327",33.8491791,-84.4107103,Unpermitted Destruction,Fine,"Unpermitted destruction of multiple flowering cherries at fence line, no DDH or posting record found.T1-T6, 14"" 13"", 13"", 12"", 13"" 16"" flowering cherries6 trees at 81"" removed"
10/16/2025,BA-202505288,Arborist Illegal Activity,"686 HIGHLAND AVE NE, ATLANTA GA 30312",33.7615241,-84.364706,Illegal Activity,Fine,"SRP impacted on 17"" Oak tree front center near the ROW. Over 33% of net root zone impacted with grading activity. Tree is destroyed as defined in section 158-26 of the tree ordinance."
10/15/2025,BA-202505267,Arborist Illegal Activity,"3797 PEACHTREE DUNWOODY RD NE, ATLANTA GA 30342",33.85885134,-84.35767843,Unpermitted Tree Work,Fine,
10/14/2025,BA-202505261,Arborist Illegal Activity,"2175 JACKSON PKWY NW, ATLANTA GA 00000",33.8147463,-84.4774949,Illegal Tree Removal,Fine,"Fines and fees associated with the illegal destruction of 4 trees totalling 63"" DBH"
10/14/2025,BA-202505246,Arborist Illegal Activity,"2968 RIDGEWOOD RD NW, ATLANTA GA 30327",33.8366934,-84.4481908,Unpermitted Destruction,Fine,"Unpermitted destruction of 3 denied DDH trees on site42"", 38"" and 30"" pines3 trees at 110"""
10/9/2025,BA-202505165,Arborist Illegal Activity,"4025 TUXEDO RD NW, ATLANTA GA 30342",33.8643134,-84.3929578,Illegal Activity,Fine,"Illegal destruction of 12"" Magnolia, 8"" Magnolia, & 37"" Water Oak on the right side of the house. 100% of the net root zones are compromised by the installation of artificial turf. No permit was applied, or issued for the site development in the area."
10/9/2025,BA-202505164,Arborist Illegal Activity,"1330 UNIVERSITY DR NE, ATLANTA GA 30306",33.790637,-84.3432068,Illegal Activity,Assigned,"Land disturbance outside of the approved LOD. Impact exceeds 33% of net root zone, and/or SRP damage on trees #23 &39"
10/8/2025,BA-202505150,Arborist Illegal Activity,"90 1ST AVE SE, ATLANTA GA 30317",33.7500418,-84.3111267,Illegal Activity,Fine,"Digging in the SRP of the 43"" White Oak in the front yard."
10/8/2025,BA-202505147,Arborist Illegal Activity,"348 LAKEMOORE DR NE, ATLANTA GA 30342",33.8665394,-84.3761499,Illegal Activity,Fine,"Tree destruction of 34"" and 26"" Magnolia trees in rear right."
10/8/2025,BA-202505144,Arborist Illegal Activity,"854 COURTENAY DR NE, ATLANTA GA 30306",33.7901736,-84.3591071,Illegal Activity,Fine,"SRP impact with land disturbance outside of the approved LOD. Tree #10: 22"" Hackberry"
10/7/2025,BA-202505121,Arborist Illegal Activity,"652 TIMM VALLEY RD NE, ATLANTA GA 30305",33.8368057,-84.3646174,Illegal Tree Destruction,Fine,"Illegal tree destruction of (1)26"" White Oak, (1)37"" Pine, (1)27"" Pine, (1)18"" Magnolia, & (1)44"" Water Oak."
10/3/2025,BA-202505081,Arborist Illegal Activity,"1845 MONROE DR NE, ATLANTA GA 30324",33.8050714,-84.3740914,Investigation,Fine,
10/3/2025,BA-202505078,Arborist Illegal Activity,"954 SYLVAN PL SW, ATLANTA GA 30310",33.7046181,-84.4195794,Illegal Removal,Assigned,"The following two trees were removed without permit: one 24"" hardwood and one 17"" hardwood."
10/3/2025,BA-202505071,Arborist Illegal Activity,"2618 MEMORIAL DR SE, ATLANTA GA 30317",33.7472491,-84.3016936,Illegal Tree Removal,Fine,"3 trees removed from rear yard without permit application, or issuance."
10/2/2025,BA-202505051,Arborist Illegal Activity,"99 CANDLER RD SE, ATLANTA GA 30317",33.748863,-84.292426,Illegal Activity,Fine,"32"" Post oak on adjacent lot in rear left had well over 20% of the overall canopy removed. 23"" Water Oak in rear has 100% net root zone impact. 13"" & 9"" hardwoods removed outside of fence in rear left. No permit was applied, or issued for the tree removal/destruction."
10/2/2025,BA-202505048,Arborist Illegal Activity,"286 SISSON AVE NE, ATLANTA GA 30317",33.7615213,-84.3148566,Illegal Tree Removal,Fine,"Fine and fees for the illegal removal of two trees at this address. 1) 20"" Pine and 2) 10"" HW"
10/2/2025,BA-202505045,Arborist Illegal Activity,"4168 GLENGARY DR NE, ATLANTA GA 30342",33.8688682,-84.3637232,Illegal Tree Removal,Closed - Illegal Activity,"Fees and fines for ilegal destruction of one 45"" DBH tree in the ROW due to SRP impact from construction"
10/2/2025,BA-202505039,Arborist Illegal Activity,"2194 BOLTON RD NW, ATLANTA GA 30318",33.8142525,-84.4379781,Investigation,Fine,
10/1/2025,BA-202505018,Arborist Illegal Activity,"2668 HOSEA L WILLIAMS DR NE, ATLANTA GA 30317",33.75156434,-84.29966286,Illegal Activity,Fine,"8"" Oak and 20"" Oak removed from rear left without permit application, or issuance."
10/1/2025,BA-202505016,Arborist Illegal Activity,"1314 DORSEY ST SW, ATLANTA GA 30310",33.7187696,-84.4258386,Illegal Destruction,Fine,"Destruction of the following two trees without permit: one 24"" pecan and one 30"" water oak."
10/1/2025,BA-202505008,Arborist Illegal Activity,"3640 BOULDER PARK DR SW, ATLANTA GA 30331",33.7489414,-84.5067314,Illegal Removal,Fine,"Removal of the following eight trees without permit: 37"" hardwood, 27"" pine, 15"" hardwood, 22"" hardwood, 28"" pine, 16"" hardwood, 22"" pine, and 29"" hardwood."
10/1/2025,BA-202504992,Arborist Illegal Activity,"4168 GLENGARY DR NE, ATLANTA GA 30342",33.8688682,-84.3637232,Unpermitted Destruction,Fine,"Unpermitted destruction of T8, T9, T10 and T13 by work outside of approved LoD and destruction of SRP of all 44 trees at 102"""
9/29/2025,BA-202504959,Arborist Illegal Activity,"963 ST CHARLES AVE NE, ATLANTA GA 30306",33.7751362,-84.3559128,Illegal Activity,Fine,"Tree of unknown diameter removed from the right side of the driveway. 17"" Hardwood removed from the rear left. No permit was applied, or issued for the removals."
9/29/2025,BA-202504956,Arborist Illegal Activity,"904 PLYMOUTH RD NE, ATLANTA GA 30306",33.7992261,-84.357591,Illegal Activity,Fine,"Trenched in silt fence outside of the approved LOD. Tree #6 (17"" Hardwood) straight line impact 4.5' distance = 33.36% impact. Tree #7 (32"" Pine) straight line impact 7' distance =36.2% impact. Tree #9 (20"" Hardwood) straight line impact 3' distance = 40.51% impact. Tree #10 (16"" Hardwood) straight line impact 3.5' distance + 36.2% impact. 4 total trees destroyed at 85 diameter inches."
9/29/2025,BA-202504939,Arborist Illegal Activity,"3900 WHITTINGTON DR NE, ATLANTA GA 30342",33.8615585,-84.3729084,Unpermitted Destruction,Fine,"Unpermitted destruction of magnolias at right of drive with changed retaining wall, 13"" and 8"""
9/25/2025,BA-202504911,Arborist Illegal Activity,"1631 ALDER CT SE, ATLANTA GA 30317",33.7493372,-84.3346168,Illegal Activity,Fine,Trenching outside the limits of disturbance and in the structural root plate of trees #10 & 11.
9/25/2025,BA-202504895,Arborist Illegal Activity,"373 5TH ST NE, ATLANTA GA 30308",33.77511683,-84.37498143,Illegal Activity,Fine,"Removal of 11"" hardwood from the neighboring property (368 5th Street) without permission from the owner of the tree, permit application, or issuance."
9/19/2025,BA-202504787,Arborist Illegal Activity,"2626 MEMORIAL DR SE, ATLANTA GA 30317",33.7472447,-84.3013512,Illegal Activity,Fine,"9 trees totaling 130 diameter inches were removed along the right property line. No permit was applied, or issued."
9/19/2025,BA-202504775,Arborist Illegal Activity,"2555 Burton RD NW, ATLANTA GA 30311",33.7563942,-84.4706916,Illegal Removal,Fine,Removal of 20 trees of unknown diameter without permit.
9/19/2025,BA-202504774,Arborist Illegal Activity,"147 HUNTINGTON RD NE, ATLANTA GA 30309",33.8039736,-84.3873239,Illegal Tree Removal,Fine,Illegal removal of (1) Hardwood of unknown diameter.
9/18/2025,BA-202504744,Arborist Illegal Activity,"4174 MCCLATCHEY CIR NE, ATLANTA GA 30342",33.8706153,-84.3681002,Investigation,Fine,"4 trees removed at right of drive on slope, 3 pines and an oak.  No permits on file or applications pending"
9/18/2025,BA-202504742,Arborist Illegal Activity,"916 HALL ST SW, ATLANTA GA 30310",33.73003,-84.4254288,Illegal Removal,Fine,"Removal of the following three trees without permit: one 13"" hardwood, one 12"" hardwood, and one 11"" hardwood."
9/17/2025,BA-202504726,Arborist Illegal Activity,"616 LINWOOD AVE NE, ATLANTA GA 30306",33.7712841,-84.3576369,Illegal Activity,Fine,"Working outside the LOD and outside the scope of work. Trees #4, #7, & #13 have SRP impacts and net root zone impacts over 33%. These trees are destroyed."
9/17/2025,BA-202504723,Arborist Illegal Activity,"2011 COLLEGE AVE NE, ATLANTA GA 00000",33.7612745,-84.3213976,Illegal Activity,Fine,"One Large Water Oak removed from the front yard, and a row of Leland Cypress removed along the right property line. No permit application, or issuance for the removals."
9/12/2025,BA-202504637,Arborist Illegal Activity,"1330 UNIVERSITY DR NE, ATLANTA GA 30306",33.790637,-84.3432068,Illegal Activity,Fine,"Grading and land disturbance outside of the approved LOD. Over 33% of net root zones compromised on trees #1, #4, #11, & #12. SRP cut on tree #2. Tree#22 removed without permit application, or issuance. Other trees impacted #5, #6, #15, #23, & #39"
9/11/2025,BA-202504594,Arborist Illegal Activity,"1332 WAYNE AVE NE, ATLANTA GA 30306",33.7912364,-84.3595124,Illegal Activity,Fine,"Straight line impact and SRP damage from trenching 2' away from tree #53. Straight line impact from trenching at 1332 Wayne, and digging for rain garden outside the LOD at 1338 Wayne. Both disturbances are 16' away on adjacent sides of tree #17. Both tree #53 and #17 are illegally destroyed."
9/10/2025,BA-202504578,Arborist Illegal Activity,"519 WESTMEATH DR SW, ATLANTA GA 30310",33.740918,-84.446072,Illegal Removal & Illegal Destruction,Fine,Two trees removed and one tree destroyed without permit.
9/10/2025,BA-202504567,Arborist Illegal Activity,"217 WYNNWOOD DR SW, ATLANTA GA 30310",33.7497316,-84.4586386,Illegal Destruction,Fine,"Destruction of one 38"" sweetgum without permit."
9/10/2025,BA-202504565,Arborist Illegal Activity,"3342 LANDINGS SOUTH DR SW, ATLANTA GA 30331",33.6627392,-84.5212849,Illegal Destruction,Fine,"Destruction of one 13"" pine tree without permit."
9/9/2025,BA-202504557,Arborist Illegal Activity,"2285 STEPHEN LONG DR NE, ATLANTA GA 30305",33.817334,-84.382078,Illegal Tree Removal,Fine,Illegal tree removal of (6) trees of unknown diameter.
9/9/2025,BA-202504522,Arborist Illegal Activity,"572 HILLSIDE DR NW, ATLANTA GA 30342",33.8679078,-84.405369,Unpermitted Removal,Fine,"Unpermitted removal of 12"" magnolia, 13"" hardwood, 8"" hardwood, 12"" hardwood and 25"" magnolia at rear.  No permits applied for or issued prior to removalStop Work posted, crew returned to work after being told to leave site"
9/8/2025,BA-202504494,Arborist Illegal Activity,"1886 LANGSTON AVE SW, ATLANTA GA 30310",33.7034318,-84.418506,Illegal Removal,Fine,Removal of seven trees of unknown diameter without permit.
9/4/2025,BA-202504426,Arborist Illegal Activity,"1593 WILLIS ST NW, ATLANTA GA 30314",33.7588483,-84.4388844,Illegal Removal & Illegal Destruction,Fine,"Removal of one 10"" hardwood without permit. Destruction of one 25"" hardwood without permit."
9/4/2025,BA-202504424,Arborist Illegal Activity,"1585 WILLIS ST NW, ATLANTA GA 30314",33.7588473,-84.4388037,Illegal Destruction,Fine,"Destruction of one 26"" hardwood without permit."
9/3/2025,BA-202504421,Arborist Illegal Activity,"3655 TUXEDO RD NW, ATLANTA GA 30305",33.8538818,-84.3993158,Investigation,Fine,
9/3/2025,BA-202504394,Arborist Illegal Activity,"1195 WARFIELD ST NW, ATLANTA GA 30318",33.7806838,-84.4263091,Unpermitted Destruction,Fine,"Unpermitted removal of 16"" and 12"" hardwoods at left of lot.  Trees were to be preserved on previous permit that expired, no recompense can be found as having been paid."
9/2/2025,BA-202504384,Arborist Illegal Activity,"912 HALL ST SW, ATLANTA GA 30310",33.730046,-84.4255639,Complaint/Investigation,Assigned,
9/2/2025,BA-202504383,Arborist Illegal Activity,"852 HALL ST NW, ATLANTA GA 30318",33.7782578,-84.4661595,Illegal Removal,Fine,"Removal of one 8"" hardwood tree without permit."
8/29/2025,BA-202504335,Arborist Illegal Activity,"1041 WHITE OAK AVE SW, ATLANTA GA 30310",33.7249933,-84.4221584,Illegal Removal,Fine,"Removal of the following two trees without permit: one 11"" American holly and one 9"" black cherry."
8/28/2025,BA-202504303,Arborist Illegal Activity,"4287 GLENGARY DR NE, ATLANTA GA 30342",33.8717298,-84.362007,Unpermitted Destruction,Fine,Unpermitted destruction of multiple trees during construction
8/27/2025,BA-202504295,Arborist Illegal Activity,"1789 NOBLE DR NE, ATLANTA GA 30306",33.8024337,-84.3430156,Illegal Activity,Fine,"26"" Pine, 24"" Water Oak, 21"" Water Oak, 24"" Water Oak, 20"" Magnolia, & 10"" Magnolia destroyed during land disturbance activities outside of the approved LOD."
8/25/2025,BA-202504219,Arborist Illegal Activity,"145 BROWNLEE RD SW, ATLANTA GA 30331",33.7525431,-84.5006656,Illegal Removal,Fine,Removal of two large hardwood trees of unknown diameter.
8/22/2025,BA-202504165,Arborist Illegal Activity,"201 BLACKLAND DR NW, ATLANTA GA 30342",33.8556155,-84.3891032,Unpermitted Destruction,Fine,"Unpermitted destruction of multiple trees not shown on plans11"" hickory at front left, grading and materials in SRP9"", 9"", 9"", 10"", 10"", 13"", 13"", 13"", 15"" leyland cypress10 trees at 112"" destroyed"
8/21/2025,BA-202504156,Arborist Illegal Activity,"1684 MEMORIAL DR SE, ATLANTA GA 30317",33.7475241,-84.332374,Illegal Activity,Fine,"Working through a legal Stop Work Order and removal of an additional tree without permit application or issuance. (20"" Sweetgum tree in the far rear)"
8/21/2025,BA-202504145,Arborist Illegal Activity,"101 DAHLIA AVE NW, ATLANTA GA 30314",33.7556004,-84.4619363,Illegal Removal,Fine,"Removal of one 11"" hackberry without permit."
8/21/2025,BA-202504143,Arborist Illegal Activity,"419 PARKWAY DR NE, ATLANTA GA 30308",33.7658636,-84.3730578,Illegal Activity,Fine,"9"" Cryptomeria in front of 419 Parkway Drive NE was destroyed by topping."
8/20/2025,BA-202504127,Arborist Illegal Activity,"971 FLEETWOOD CIR SW, ATLANTA GA 30311",33.7378722,-84.4606259,Illegal Destruction,Fine,"Destruction of one 23"" red oak without permit."
8/19/2025,BA-202504092,Arborist Illegal Activity,"50 THIRKELD AVE SE, ATLANTA GA 30315",33.7147419,-84.3867776,Illegal Activity,Fine,"Removal of four trees without a permit. T1,T2,T4, and T6-8"" Hardwood-6"" Hardwood-12"" Pine-6"" Hardwood"
8/14/2025,BA-202504004,Arborist Illegal Activity,"1533 WILLOWBROOK DR SW, ATLANTA GA 30311",33.7137495,-84.4470808,Illegal Destruction,Fine,"Destruction of one 32"" Southern Red Oak, without permit, due to impact of its structural root plate."
8/13/2025,BA-202503995,Arborist Illegal Activity,"1163 WINDSOR ST SW, ATLANTA GA 30310",33.7230775,-84.3986837,Illegal Removal,Fine,"Removal of one 35"" water oak without permit."
8/13/2025,BA-202503967,Arborist Illegal Activity,"1327 THURGOOD ST SW, ATLANTA GA 30314",33.7529434,-84.4312125,Illegal Destruction,Fine,"Destruction of one 24"" pecan tree without permit."
8/11/2025,BA-202503908,Arborist Illegal Activity,"3591 CLOUDLAND DR NW, ATLANTA GA 30327",33.8524511,-84.4339641,Investigation,Fine,"Unpermitted removal of 41"" magnolia at front.  No permit filed or application created for removal of healthy tree at front left"
8/8/2025,BA-202503891,Arborist Illegal Activity,"1226 PLAZA AVE SW, ATLANTA GA 30310",33.7280336,-84.428198,Illegal Removal,Fine,One pecan tree of unknown diameter was removed from the lot’s front right corner without permit.
8/8/2025,BA-202503888,Arborist Illegal Activity,"1443 COPELAND AVE SW, ATLANTA GA 30310",33.7362277,-84.4348475,Complaint/Investigation,Assigned,
8/8/2025,BA-202503887,Arborist Illegal Activity,"400 MARKHAM ST SW, ATLANTA GA 30313",33.7527521,-84.4004549,Illegal Removal,Fine,"Removal of one 33"" willow oak tree without permit."
8/8/2025,BA-202503877,Arborist Illegal Activity,"806 BRIARCLIFF RD NE, ATLANTA GA 30306",33.7765368,-84.3482152,Illegal Activity,Fine,"Removal of 11"", 14"", 15"", and 14"" hackberry trees along the left side of the rear property line without permit application, or issuance."
8/8/2025,BA-202503876,Arborist Illegal Activity,"1182 ST LOUIS PL NE, ATLANTA GA 30306",33.7763964,-84.3492462,Illegal Activity,Fine,"27"" Magnolia and 14"" Hackberry removed without permit application, or issuance."
8/7/2025,BA-202503856,Arborist Illegal Activity,"3251 PYRITE CIR SW, ATLANTA GA 30331",33.6764974,-84.492436,Illegal Removal,Fine,"Removal of the following nine trees without permit: (T#4) 7"" HW, (T#6) 8"" HW, (T#7) 10"" HW, (T#10) 10"" HW, (T#18) 6"" HW, (T#28) 7"" HW, (T#29) 9"" HW, (T#30) 7"" HW, & (T#51) 12"" HW.This invoice's balance has been adjusted to reflect the COA TCC's decision."
8/6/2025,BA-202503825,Arborist Illegal Activity,"1593 WESTHAVEN DR SW, ATLANTA GA 30311",33.7327724,-84.4399281,Illegal Removal,Fine,"Removal of one 12"" dogwood without permit."
8/5/2025,BA-202503803,Arborist Illegal Activity,"731 LAWTON ST SW, ATLANTA GA 30310",33.7350249,-84.4236624,Investigation,Assigned,
8/5/2025,BA-202503790,Arborist Illegal Activity,"728 JOSEPH E LOWERY BLVD SW, ATLANTA GA 30310",33.73518486,-84.41747818,Illegal Removal,Fine,"Removal of one 31"" swamp chestnut oak without permit."
8/5/2025,BA-202503780,Arborist Illegal Activity,"1089 REGENCY RD NW, ATLANTA GA 30327",33.8560691,-84.4229804,Unpermitted Destruction,Fine,"Unpermitted removal of 3 flowering cherry at front right of lot, 15"", 16"" and 20""3 trees at 51"""
8/4/2025,BA-202503766,Arborist Illegal Activity,"1690 MEMORIAL DR SE, ATLANTA GA 30317",33.7475217,-84.3322519,Illegal Activity,Fine,"Removal of 48"" Oak, 14"" Hardwood, & 18"" Hardwood without permit application, or issuance. Stop work order now posted."
8/4/2025,BA-202503765,Arborist Illegal Activity,"1684 MEMORIAL DR SE, ATLANTA GA 30317",33.7475241,-84.332374,Illegal Activity,Fine,"Removal of 50"" Oak, 12"" Cedar, 13"" Cedar, 39"" Oak, 15"" Oak, and 30"" Oak without permit application, or issuance. Stop Work Order is now posted."
7/31/2025,BA-202503702,Arborist Illegal Activity,"917 IRA ST SW, ATLANTA GA 30310",33.7298618,-84.40017,Illegal Removal,Fine,"Removal of the following two trees without permit: one 24"" magnolia and one 18"" pecan."
7/31/2025,BA-202503696,Arborist Illegal Activity,"178 WESLEY AVE NE, ATLANTA GA 30307",33.7588331,-84.3375179,Investigation,Fine,
7/29/2025,BA-202503643,Arborist Illegal Activity,"3040 CLARENDALE DR NW, ATLANTA GA 30327",33.8380775,-84.4323438,Illegal Activity,Fine,"34"" Pine, 36"" Pine and 43"" Oak all removed without a permit."
7/29/2025,BA-202503640,Arborist Illegal Activity,"1020 FOXCROFT RD NW, ATLANTA GA 30327",33.8552466,-84.4170092,Unpermitted Destruction,Fine,"Unpermitted destruction of multiple trees on siteT11 12"" hickory off siteT33 19"" oakT35 19"" oak destroyed by fence posts within SRP T76 13"" mapleT75 10"" tulip-poplarT73 27"" tulip-poplar6 trees @ 100"" destroyed"
7/25/2025,BA-202503588,Arborist Illegal Activity,"2446 OMAHA RD SW, ATLANTA GA 30331",33.6910292,-84.5414075,Illegal Removal,Fine,Removal of two pine trees of unknown diameter without permit.
7/24/2025,BA-202503583,Arborist Illegal Activity,"2535 HOSEA L WILLIAMS DR SE, ATLANTA GA 30317",33.7509389,-84.3041058,Illegal Activity,Fine,"Trenching outside of the approved LOD and in the SRP of tree #1 (24"" Oak) and tree #2 (10"" Oak)"
7/24/2025,BA-202503576,Arborist Illegal Activity,"4336 CASCADE RD SW, ATLANTA GA 30331",33.73315011,-84.53079508,Illegal Destruction,Fine,"The following five trees were destroyed without permit totaling 83""17"" Pine11"" Water Oak 12"" Sweetgum19"" Poplar24"" Red Oak"
7/24/2025,BA-202503572,Arborist Illegal Activity,"826 BLOSSOM ST SW, ATLANTA GA 30310",33.7113884,-84.4157182,Illegal Removal,Fine,"Removal of one 12"" black cherry tree without permit."
7/22/2025,BA-202503515,Arborist Illegal Activity,"1279 NORTH MORNINGSIDE DR NE, ATLANTA GA 30306",33.790233,-84.3528531,Illegal Activity,Fine,"Removal of 20"" Pecan tree in rear left without permit application, or issuance."
7/22/2025,BA-202503496,Arborist Illegal Activity,"2350 MT PARAN RD NW, ATLANTA GA 30327",33.854557,-84.4373111,Unpermitted Destruction,Fine,"Unpermitted destruction of Japanese maple to be posted for as destroyed by new pool. 14"" japanese maple"
7/21/2025,BA-202503471,Arborist Illegal Activity,"1163 ROSEDALE DR NE, ATLANTA GA 30306",33.7795469,-84.3493274,Illegal Activity,Fine,"Removal of 5 trees along the left property line in the rear yard without permit application, or issuance."
7/21/2025,BA-202503469,Arborist Illegal Activity,"450 COLLIER RIDGE DR NW, ATLANTA GA 30318",33.7674142,-84.4768821,Investigation,Assigned,
7/18/2025,BA-202503453,Arborist Illegal Activity,"2535 HOSEA L WILLIAMS DR SE, ATLANTA GA 30317",33.7509389,-84.3041058,Illegal Activity,Fine,"Trees #5, & 6 (11' & 28"" Oaks) removed without permit issuance. Tree #3 (14"" Magnolia) has nearly 100% CRZ impact with grading outside the LOD."
7/17/2025,BA-202503407,Arborist Illegal Activity,"971 FLEETWOOD CIR SW, ATLANTA GA 30311",33.7378722,-84.4606259,Illegal Removal & Illegal Destruction,Fine,"Removal of the following tree without permit: 12"" pine (T#28).Destruction of the following four trees without permit: one 8"" red oak, one 8"" sourwood (T#14), one 10"" hickory (T#25), and one 30"" red oak (T#6)."
7/15/2025,BA-202503365,Arborist Illegal Activity,"194 ROCKY FORD RD NE, ATLANTA GA 30317",33.7579332,-84.3187656,Illegal Activity,Fine,"10"" Oak destroyed in the front left. Storm water pipe installed in the SRP. 11"" Oak destroyed along the front left property line. Heavy equipment bashed into the mainstem leaving a large mechanical injury."
7/15/2025,BA-202503363,Arborist Illegal Activity,"3209 WEST SHADOWLAWN AVE NE, ATLANTA GA 30305",33.8433378,-84.3746713,Illegal Tree Destruction,Fine,"Illegal tree destruction of (13) trees totaling 221"" inches."
7/15/2025,BA-202503361,Arborist Illegal Activity,"18 BLACKLAND RD NW, ATLANTA GA 30342",33.8546751,-84.3845009,Illegal Tree Removal,Fine,"Illegal tree removal of (2) hardwoods at 9"" & 17""."
7/15/2025,BA-202503350,Arborist Illegal Activity,"1597 ALDER CT SE, ATLANTA GA 30317",33.7493403,-84.3352372,Illegal Activity,Fine,"Heavy equipment operations outside of the approved limits of disturbance on a house demo. Structural root plate damage on a 21"" Hardwood tree. The tree is destroyed."
7/14/2025,BA-202503339,Arborist Illegal Activity,"1037 METROPOLITAN PKWY SW, ATLANTA GA 30310",33.7265945,-84.4082544,Illegal Removal,Fine,"Removal of the following two trees without permit: one 30"" post oak and one 30"" southern red oak."
7/14/2025,BA-202503322,Arborist Illegal Activity,"4250 CARMAIN DR NE, ATLANTA GA 30342",33.8707917,-84.3608302,Unpermitted Destruction,Fine,"Unpermitted destruction of 8 trees at rear and front of lot due to work well outside of the established limits of disturbance.  Soil removal for new wall compacted throughout CRZ and damage to multiple tree trunks.T7, T9, T10, T11, T12, T13, T19, T23 destroyed as per report from private arborist"
7/11/2025,BA-202503301,Arborist Illegal Activity,"255 CONNECTICUT AVE NE, ATLANTA GA 30307",33.7614801,-84.3289743,Illegal Activity,Fine,"Grading activities in front and rear yard without permit application, or issuance. Visible SRP damage on 23"" Pecan in the front, and 19"" Pecan in the rear."
7/9/2025,BA-202503237,Arborist Illegal Activity,"597 HOPE ST SW, ATLANTA GA 30310",33.7307469,-84.4071693,Illegal Removal,Fine,Removal of one large pine tree without permit.This invoice's balance has been adjusted to reflect the COA TCC's decision.
7/8/2025,BA-202503204,Arborist Illegal Activity,"787 BONAVENTURE AVE NE, ATLANTA GA 30306",33.7761472,-84.3607594,Illegal Activity,Fine,"Driveway installed differently than shown on the approved plan and in the structural root plate of 36"" and 21"" trees on the left side of the new house (Trees #5,and #6). These trees are destroyed and the canopies are in visible decline."
7/8/2025,BA-202503203,Arborist Illegal Activity,"235 WYNNWOOD DR SW, ATLANTA GA 30310",33.749378,-84.4586455,Illegal Removal,Fine,"Removal of one 30"" oak tree without permit."
7/8/2025,BA-202503194,Arborist Illegal Activity,"217 WYNNWOOD DR SW, ATLANTA GA 30310",33.7497316,-84.4586386,Illegal Destruction,Fine,"Destruction of the following two trees without permit: one 27"" oak and one 30"" oak."
7/3/2025,BA-202503152,Arborist Illegal Activity,"174 PEACHTREE ST SW, ATLANTA GA 30303",33.7495306,-84.3938735,Illegal Removal,Fine,"Removal of the following two trees without permit: one 22"" Chinese Holly and one 23"" Chinese Holly."
7/2/2025,BA-202503126,Arborist Illegal Activity,"1629 WOODBINE AVE NE, ATLANTA GA 30317",33.7538848,-84.3343774,Illegal Activity,Fine,"Two trees destroyed by digging outside of the approved LOD and in the structural root plates. These include 42"" Sweetgum and 36"" Oak."
7/2/2025,BA-202503122,Arborist Illegal Activity,"2546 HOSEA L WILLIAMS DR NE, ATLANTA GA 30317",33.75130871,-84.3037134,Illegal Activity,Fine,"Trenching outside of the limits of disturbance and in the structural root plate of a 25"" Pine on the left side of the property."
7/2/2025,BA-202503113,Arborist Illegal Activity,"3985 CLUB DR NE, ATLANTA GA 30319",33.8649266,-84.3535737,Unpermitted Removal,Fine,"Unpermitted removal of 4 magnolia at drive.  Trees were removed after denial of setback trees, stump measure used for DBH as required by ordinance"
7/1/2025,BA-202503102,Arborist Illegal Activity,"1905 FORT VALLEY DR SW, ATLANTA GA 30311",33.7029197,-84.4505918,Illegal Removal,Fine,Removal of five pine trees of unknown diameter without permit.
7/1/2025,BA-202503095,Arborist Illegal Activity,"1275 EAST ROCK SPRINGS RD NE, ATLANTA GA 30306",33.7950288,-84.3451014,Illegal Activity,Fine,"Removal of (2) 25"" healthy Cryptomeria trees from front yard after DDH permit denial."
7/1/2025,BA-202503080,Arborist Illegal Activity,"2760 CHERRY LAUREL LN SW, ATLANTA GA 30311",33.6957517,-84.480462,Illegal Removal,Fine,"Removal of the following four trees without permit: one sweetgum, two pines, and one white oak."
6/27/2025,BA-202503011,Arborist Illegal Activity,"773 CHANNING DR NW, ATLANTA GA 30318",33.8082013,-84.4114599,Investigation,Assigned,
6/27/2025,BA-202503010,Arborist Illegal Activity,"773 CHANNING DR NW, ATLANTA GA 30318",33.8082013,-84.4114599,Illegal Removal,Assigned,"Illegal removal of 1 - 39"" Magnolia Front Right"
6/25/2025,BA-202502956,Arborist Illegal Activity,"1161 INDALE PL SW, ATLANTA GA 30310",33.7232797,-84.4288369,Illegal Removal,Assigned,Two trees removed without permit.
6/24/2025,BA-202502935,Arborist Illegal Activity,"205 ROCKY FORD RD NE, ATLANTA GA 30317",33.7582999,-84.3186192,Illegal Activity,Fine,"Illegal removal of 16"" Pecan at the rear left."
6/19/2025,BA-202502867,Arborist Illegal Activity,"6 ARC WAY NE, ATLANTA GA 30305",33.8434298,-84.3668303,Illegal Tree Removal,Fine,Illegal tree removal of (1)Hardwood of unknown diameter.
6/19/2025,BA-202502866,Arborist Illegal Activity,"6 ARC WAY NE, ATLANTA GA 30305",33.8434298,-84.3668303,Investigation,Pending - Illegal Activity,
6/17/2025,BA-202502817,Arborist Illegal Activity,"149 RACINE ST SW, ATLANTA GA 30314",33.7511261,-84.4415298,Illegal Removal,Fine,"Removal of the following two trees without permit: one 6"" hardwood and one 12"" hardwood."
6/16/2025,BA-202502798,Arborist Illegal Activity,"111 DAHLGREN ST SE, ATLANTA GA 30317",33.7504831,-84.3456519,Illegal Activity,Fine,"49"" native Cherry removed from the front yard without permit application, or issuance."
6/16/2025,BA-202502792,Arborist Illegal Activity,"528 PIERCE AVE NW, ATLANTA GA 30318",33.7698817,-84.4312633,Illegal Removal,Fine,"Removal of one 6"" boxelder maple without permit."
6/13/2025,BA-202502778,Arborist Illegal Activity,"2461 FERNLEAF CT NW, ATLANTA GA 30318",33.8213647,-84.4394681,Illegal Destruction,Fine,"Destruction of the following two trees without permit: one 17"" crepe myrtle and one 48"" magnolia."
6/11/2025,BA-202502706,Arborist Illegal Activity,"170 OLD IVY RD NE, ATLANTA GA 30342",33.8552271,-84.3783299,Unpermitted Removal,Fine,"Multiple trees removed prior to yellow posting16"" river birch not shown on plans, shown on demoT50 22"" river birchT40 21"" crape myrtleT43 8"" crape myrtleT52 19"" pecanT58 16"" hardwood, shown at 8"" on plan field measured largerT59 13"" hardwood, shown at 8"" on plan field measured largerT53 13"" ash, large leader removed12"" crape myrtle not shown on at plans at T5711"" hardwood at left property line not shown on plans11"" hardwood at left property line not shown on plansT68 21"" crape myrtle, larger leader cut and other leads damagedT70 19"" crape myrtle, larger leader cut and other leads damaged13 trees at 202"" removed or destroyed without permit, credit given for original 6 trees at 3"" each as shown on planPosting will still have to be done for T60"
6/10/2025,BA-202502696,Arborist Illegal Activity,"24 BLACKLAND RD NW, ATLANTA GA 30342",33.8544258,-84.3849815,Illegal Tree Removal,Fine,"Illegal tree removal & destruction of (12) trees totaling 260"" inches."
6/5/2025,BA-202502606,Arborist Illegal Activity,"764 ROCHELLE DR SW, ATLANTA GA 30310",33.7343799,-84.4333697,Illegal Destruction,Fine,"Deck footer installed 1-2' from the base of a 12"" white oak."
6/5/2025,BA-202502605,Arborist Illegal Activity,"1945 WEST PACES FERRY RD NW, 2, ATLANTA GA 30327",33.84890865,-84.44994135,Unpermitted Removal,Fine,"Unpermitted removal of T267"" hardwood"
6/4/2025,BA-202502571,Arborist Illegal Activity,"1020 FOXCROFT RD NW, ATLANTA GA 30327",33.8552466,-84.4170092,Unpermitted Destruction,Fine,"Unpermitted destruction of 25"" hardwood at left of lot due to wall construction and excavation within SRP"
6/2/2025,BA-202502526,Arborist Illegal Activity,"975 LINAM AVE SE, ATLANTA GA 30315",33.72789201,-84.38629393,Illegal Activity,Fine,"Two hardwoods removed without a permit. 24"" Hardwood49"" Hardwood"
5/29/2025,BA-202502495,Arborist Illegal Activity,"447 HOOPER ST SE, ATLANTA GA 30317",33.740797,-84.2916758,Illegal Activity,Fine,"Two Pine trees of unknown diameter were removed without permit application, or issuance."
5/29/2025,BA-202502492,Arborist Illegal Activity,"1784 WILLIS MILL RD SW, ATLANTA GA 30311",33.7072515,-84.4692527,Illegal Removal,Fine,"Removal of one 15"" hardwood without permit."
5/29/2025,BA-202502489,Arborist Illegal Activity,"1040 CANTER RD NE, ATLANTA GA 30324",33.8423952,-84.3534855,Illegal Tree Destruction,Fine,"Illegal destruction of (10)HWs & Pines totaling 161""in."
5/29/2025,BA-202502484,Arborist Illegal Activity,"187 CLAY ST SE, ATLANTA GA 30317",33.748613,-84.3305318,Illegal Activity,Fine,"Removal of tree #6 (8"" HW) and tree #2 (18"" HW). There was no permit application, or issuance for the removals."
5/28/2025,BA-202502475,Arborist Illegal Activity,"943 HALL ST SW, ATLANTA GA 30310",33.7293453,-84.4258926,Illegal Removal,Assigned,Two pine trees of unknown diameter were removed from the backyard's center without permit.
5/28/2025,BA-202502474,Arborist Illegal Activity,"1529 MONTREAT PL SW, ATLANTA GA 30311",33.7304883,-84.4378033,Illegal Removal,Fine,"Removal of the following two trees without permit: one 25"" oak and one 60"" oak."
5/28/2025,BA-202502472,Arborist Illegal Activity,"2553 DELLWOOD DR NW, ATLANTA GA 30305",33.824924,-84.3978585,Illegal Tree Destruction,Fine,"Illegal tree destruction of (1)16"" Japanese Maple due to CRZ impact."
5/28/2025,BA-202502464,Arborist Illegal Activity,"178 WESLEY AVE NE, ATLANTA GA 30307",33.7588331,-84.3375179,Illegal Activity,Fine,"Illegal tree destruction of 38"" Oak in front right. Land disturbance occurred outside of the approved limit of disturbance and compromised over 33% of the root zone. In addition, multiple mechanical injuries are on the structural root plate and mainstem."
5/27/2025,BA-202502445,Arborist Illegal Activity,"229 WYNNWOOD DR SW, ATLANTA GA 30310",33.7495083,-84.4586329,Illegal Removal,Fine,"Removal of the following two trees without permit: one 16"" hardwood (T#4) and one 30"" hardwood (T#5)."
5/27/2025,BA-202502432,Arborist Illegal Activity,"1236 LUCILE AVE SW, ATLANTA GA 30310",33.742065,-84.4281756,Illegal Removal,Fine,Removal of one large hardwood tree of unknown diameter without permit.
5/27/2025,BA-202502424,Arborist Illegal Activity,"1254 STATE ST NW, ATLANTA GA 30318",33.7890218,-84.3990172,Illegal Destruction,Fine,"Destruction of one 24"" elm tree without permit."
5/23/2025,BA-202502390,Arborist Illegal Activity,"1550 LANGSTON AVE SW, ATLANTA GA 30310",33.712615,-84.4233787,Illegal Removal,Fine,Removal of one large oak tree of unknown diameter without permit.
5/22/2025,BA-202502382,Arborist Illegal Activity,"521 WESTOVER DR NW, ATLANTA GA 30305",33.8272194,-84.4051374,Illegal Tree Removal,Fine,"Illegal tree removal of (1)26"" Oak, (1)11"" Hackberry, and (1)17"" Oak."
5/22/2025,BA-202502376,Arborist Illegal Activity,"1585 SOUTH PONCE DE LEON AVE NE, ATLANTA GA 30307",33.7736109,-84.337655,Illegal Activity,Fine,"15"" Hickory near front left property line destroyed by SRP damage. This tree is not depicted on the site plan. Tree #5 has over 50% canopy death from grading activities outside of the approved LOD compromising over 33% of the net root zone."
5/22/2025,BA-202502370,Arborist Illegal Activity,"942 PEACHTREE BATTLE CIR NW, ATLANTA GA 30327",33.822098,-84.4182374,Unpermitted Destruction,Fine,"Unpermitted destruction of multiple trees on site by work beyond LOD on plans30"" oak at rear center18"" hardwood at right of drive10"", 12"" and 26"": hardwoods at left of property5 trees at 96"" destroyedBe advised others trees at left property line may be destroyed pending as built survey showing work down and impact percentages."
5/20/2025,BA-202502335,Arborist Illegal Activity,"1258 REEDER CIR NE, ATLANTA GA 30306",33.7936967,-84.3459546,Illegal Activity,Fine,"Disturbance outside of the approved limits of disturbance. 17"" Pine, 22"" Pine, 25"" Pine, 20"" Pine, and 12"" Oak all have SRP impact and net root zone impact over 33%. These are destroyed trees."
5/20/2025,BA-202502316,Arborist Illegal Activity,"1512 MIMS ST SW, ATLANTA GA 30314",33.7495764,-84.4371148,Investigation,Assigned,
5/16/2025,BA-202502276,Arborist Illegal Activity,"445 WESTMEATH DR SW, ATLANTA GA 30310",33.7431249,-84.4462465,Illegal Destruction,Fine,"Destruction of one 12"" sweetgum tree without permit."
5/16/2025,BA-202502274,Arborist Illegal Activity,"489 DANUBE RD NE, ATLANTA GA 30342",33.8672932,-84.3714209,Unpermitted Removal,Fine,"Unpermitted removal of T2 on site.  Multiple violations of tree protection on site, no resolution to final SWO for soil storage at front and front right"
5/15/2025,BA-202502265,Arborist Illegal Activity,"304 LELAND TER NE, ATLANTA GA 30317",33.7626294,-84.3136135,Illegal Activity,Fine,"30"" Pecan removed from rear yard without permit application, or issuance."
5/15/2025,BA-202502252,Arborist Illegal Activity,"3009 ROCKINGHAM DR NW, ATLANTA GA 30327",33.83721,-84.4129298,Unpermitted Destruction,Fine,"Unpermitted destruction of multiple trees on site7"", 8"" and 11/8"" black cherry spiked and topped at left of drive, trees were not shown on plans"
5/13/2025,BA-202502197,Arborist Illegal Activity,"983 STOVALL BLVD NE, ATLANTA GA 30319",33.8609076,-84.3554609,Unpermitted Destruction,Assigned,"Unpermitted destruction of 3 flowering cherries at front by work outside of limits of disturbance26"", 19"". 23"" cherries3 trees at 71"""
5/12/2025,BA-202502180,Arborist Illegal Activity,"1400 WESSYNGTON RD NE, ATLANTA GA 30306",33.7929195,-84.355722,Illegal Activity,Fine,"Destroyed trees: #1 (19"" Holly) front right, topped#2 (13"" Elm) Rear right, topped"
5/12/2025,BA-202502157,Arborist Illegal Activity,"1080 WESTMONT RD SW, ATLANTA GA 30311",33.7257182,-84.437283,Illegal Removal,Fine,"Removal of one 12"" magnolia tree without permit."
5/12/2025,BA-202502156,Arborist Illegal Activity,"205 BLACKLAND RD NW, ATLANTA GA 30342",33.8596558,-84.3942087,Unpermitted Destruction,Fine,"Unpermitted destruction of multiple trees by work on site29"" oak left of house20"" hickory, 20"" hickory and 23"" oak left rear of house"
5/9/2025,BA-202502120,Arborist Illegal Activity,"1068 MOORES MILL RD NW, ATLANTA GA 30327",33.83680333,-84.42087112,Site Investigation,Fine,"25"" pine at rear left removed, no permit found28"" oak, 12"" hackberry and 10"" hickory have grading and soil within SRP and associated decline in canopy, rain garden relocated to within CRZ of all 34 trees at 75"" destroyed or removed without permit"
5/8/2025,BA-202502112,Arborist Illegal Activity,"2337 1ST AVE NE, ATLANTA GA 30317",33.7540346,-84.3113195,Illegal Activity,Fine,"Working without a permit and caused SRP impact to tree #1(28"" Water Oak), and tree #2 (21"" Red Oak)."
5/7/2025,BA-202502076,Arborist Illegal Activity,"281 WEST PACES FERRY RD NW, ATLANTA GA 30305",33.8441352,-84.3950653,Site Complaint,Pending - Illegal Activity,
5/7/2025,BA-202502075,Arborist Illegal Activity,"281 WEST PACES FERRY RD NW, ATLANTA GA 30305",33.8441352,-84.3950653,Illegal Tree Removal,Fine,Illegal tree removal of (7) Hardwoods of unknown diameter.
5/7/2025,BA-202502068,Arborist Illegal Activity,"3293 LENOX PL NE, ATLANTA GA 30324",33.8447539,-84.3537375,Illegal Tree Removal,Fine,"Illegal tree removal of (14) Hardwoods and Pines totaling 300"" inches."
5/6/2025,BA-202502035,Arborist Illegal Activity,"551 PAGE AVE NE, ATLANTA GA 30307",33.7694037,-84.334064,Illegal Activity,Fine,"Tree #5 (21"") and tree #6 (14"") were removed without permit application, or issuance."
5/6/2025,BA-202502019,Arborist Illegal Activity,"10 BLANCHE ST NW, ATLANTA GA 30318",33.770975,-84.4448076,Illegal Removal,Assigned,"Removal of 9 trees totaling 185"" DBH per submitted site plan."
5/5/2025,BA-202502018,Arborist Illegal Activity,"1599 MAYFLOWER AVE SW, ATLANTA GA 30311",33.7287349,-84.4401092,Illegal Removal,Fine,Removal of three pine trees of unknown diameter without permit.
5/1/2025,BA-202501977,Arborist Illegal Activity,"1585 SOUTH PONCE DE LEON AVE NE, ATLANTA GA 30307",33.7736109,-84.337655,Illegal Activity,Fine,"A 15"" Hickory tree behind tree #1 has SRP damage and is destroyed. Tree #5 (31"" White Oak) is over 50% dead due to the impacts of grading activities outside the approved LOD. Tree #57 (36"" Pecan),shown as saved on the approved plan, has been removed without permit application, or issuance."
5/1/2025,BA-202501965,Arborist Illegal Activity,"819 SHERWOOD RD NE, ATLANTA GA 30324",33.7968133,-84.3605229,Illegal Activity,Fine,"Tree destruction; root zone impact outside the LOD and in the SRP of tree #5 (22"" Elm)."
5/1/2025,BA-202501961,Arborist Illegal Activity,"553 CHAPPELL RD NW, ATLANTA GA 30318",33.7702858,-84.4337119,Investigation,Assigned,
5/1/2025,BA-202501955,Arborist Illegal Activity,"2877 ALEXA AVE SE, ATLANTA GA 30317",33.7429507,-84.2929467,Illegal Activity,Fine,"Grading/Fill and land disturbance in the SRP and compromising over 33% of the net root zones of 6"" Magnolia and 10"" Cherry in the rear of the property."
5/1/2025,BA-202501953,Arborist Illegal Activity,"709 EMILY PL NW, ATLANTA GA 30318",33.774417,-84.4520249,Investigation,Assigned,
4/30/2025,BA-202501933,Arborist Illegal Activity,"2308 PEMBERTON RD SW, ATLANTA GA 30331",33.6926553,-84.5078516,Illegal Removal,Fine,Removal of two trees of unknown diameter without permit.
4/29/2025,BA-202501922,Arborist Illegal Activity,"1414 LANIER PL NE, ATLANTA GA 30306",33.7931833,-84.3542799,Illegal Activity,Fine,"Grading activities incurred that impacted structural root plates on tree #3 (44"" Oak) and tree #4 (29"" Oak). Per COA ordinance, any SRP impact is considered a destroyed tree."
4/29/2025,BA-202501920,Arborist Illegal Activity,"931 MONROE DR NE, ATLANTA GA 30308",33.7792511,-84.3695909,Illegal Activity,Fine,"Sidewalk erected in the SRP of a 41"" Sycamore tree. No permit applied, or issued for the work. The tree is destroyed."
4/29/2025,BA-202501919,Arborist Illegal Activity,"529 BOULEVARD NE, ATLANTA GA 30308",33.7690521,-84.3717607,Illegal Activity,Fine,"18"" tree shown as protected on the approved plans has new structural root plate damage from heavy equipment operating outside of the approved limit of disturbance."
4/28/2025,BA-202501891,Arborist Illegal Activity,"1180 SMITH ST SW, ATLANTA GA 30310",33.7226885,-84.4006148,Illegal Removal,Fine,"Removal of the following seven trees without permit: 17"" hardwood, 16"" hardwood, 15"" hackberry, 12"" hardwood, 14"" hardwood, 14"" hardwood, & 14"" hardwood.This invoice's balance has been adjusted to reflect the COA TCC's decision."
4/28/2025,BA-202501879,Arborist Illegal Activity,"3968 PACES FERRY RD NW, ATLANTA GA 30327",33.8574717,-84.4488957,Unpermitted Removal,Fine,"Unpermitted removal of trees on property discovered at time of yellow posting. Trees as listed were reported by applicant, may not be exhaustive list until field verified at time of next yellow posting21"" pine, 10"", 27"", 18"" and 9"" hardwoods removed without permit5 trees at 85"""
4/25/2025,BA-202501866,Arborist Illegal Activity,"1241 GREENWICH ST SW, ATLANTA GA 30310",33.7440637,-84.4282905,Illegal Removal,Fine,"Removal of one 36"" oak tree without permit."
4/23/2025,BA-202501826,Arborist Illegal Activity,"3359 MATHIESON DR NE, ATLANTA GA 30305",33.8472088,-84.3755669,Illegal Tree Destruction,Fine,"Illegal tree destruction of (1)28"" Pine, (1)22"" Pine, (1)8"" Maple, (1)6"" Maple, (1)28"" Pine, (1)25"" Tulip Poplar, & (1)30"" Pine"
4/23/2025,BA-202501810,Arborist Illegal Activity,"3243 PINESTREAM RD NW, ATLANTA GA 30327",33.8435672,-84.4221503,Investigation,Fine,"Multiple additional trees removed or destroyed on site beyond DDH and previous fines.19"" pine at rear right of house removed10"" holly at left of house removed20"" pine has been debarked on lower trunk and root collar buried24: hardwood damaged and root collar buried"
4/22/2025,BA-202501802,Arborist Illegal Activity,"537 GREENWOOD AVE NE, ATLANTA GA 30308",33.7766453,-84.3694136,Illegal Activity,Fine,"11"" hardwood tree destroyed in rear left. SRP impact and damage to the mainstem from heavy equipment operations outside the approved LOD."
4/22/2025,BA-202501801,Arborist Illegal Activity,"94 KIRKWOOD RD NE, ATLANTA GA 30317",33.7546139,-84.3218368,Illegal Activity,Fine,"Removal of 24"" Pecan on the right side of the garage after DDH denial."
4/21/2025,BA-202501769,Arborist Illegal Activity,"2122 VIRGINIA PL NE, ATLANTA GA 30305",33.81511,-84.3837011,Illegal Tree Destruction,Fine,"Illegal tree destruction of (1)41"" Post Oak in frontyard left and (1)49"" Tulip  Poplar in frontyard yard."
4/18/2025,BA-202501727,Arborist Illegal Activity,"415 WEST LAKE AVE NW, ATLANTA GA 30318",33.7667573,-84.4407295,Investigation,Assigned,
4/16/2025,BA-202501698,Arborist Illegal Activity,"1026 REEDER CIR NE, ATLANTA GA 30306",33.7952473,-84.3529052,Illegal Activity,Fine,"Tree labelled ""C"" on building plan BB-202108844 was removed without permit application, or issuance."
4/15/2025,BA-202501669,Arborist Illegal Activity,"781 BARNETT ST NE, ATLANTA GA 30306",33.7759967,-84.3584751,Illegal Activity,Fine,"2 trees of unknown diameter were removed without permit application, or issuance. One was on the left side of the house, and one was on the right side of the house."
4/15/2025,BA-202501656,Arborist Illegal Activity,"1884 HOSEA L WILLIAMS DR NE, ATLANTA GA 30317",33.75354577,-84.32581324,Illegal Activity,Fine,"Fine for removal of one 10"" Hackberry tree in the rear yard without permit application, or issuance."
4/14/2025,BA-202501625,Arborist Illegal Activity,"1564 SYLVAN RD SW, ATLANTA GA 30310",33.7264356,-84.4181306,Illegal Removal,Fine,Removal of one post oak tree of unknown diameter without permit.
4/14/2025,BA-202501623,Arborist Illegal Activity,"2223 EDISON AVE NE, ATLANTA GA 30305",33.8152977,-84.3853421,Illegal Tree Removal,Fine,"Illegal tree removal of (1)8"" Crepe Myrtle from frontyard and (1)9"" Cherry from backyard."
4/10/2025,BA-202501568,Arborist Illegal Activity,"2300 SANDSPRING DR SW, ATLANTA GA 30331",33.7025759,-84.5443149,Illegal Removal,Fine,Removal of two pine trees of unknown diameter without a permit.
4/9/2025,BA-202501551,Arborist Illegal Activity,"1696 ADAMS DR SW, ATLANTA GA 30311",33.7099003,-84.4872281,Illegal Removal,Fine,"Illegal removal for neighboring lot of 1690 Adams Drive. March 19, 2025:  The TCC reduced the fines and fees by 50% at a previous hearing on Feb 19, 2025.  At the March hearing, the TCC upheld the appellant's request to assign the remaining fines and fees (($14,390) for this address to the adjacent property at 1696 Adams Dr, SW.  The appellants requested this change because they anticipate completing and selling the new construction at 1690 Adams Dr, SW, which will allow them to obtain funding to pay the fines and fees for both projects. "
4/7/2025,BA-202501507,Arborist Illegal Activity,"1704 WILDWOOD RD NE, ATLANTA GA 30306",33.8013474,-84.3496737,Illegal Activity,Fine,"16 trees removed, and one tree destroyed. No permit application, or issuance for these trees."
4/4/2025,BA-202501475,Arborist Illegal Activity,"676 SHELTON AVE SW, ATLANTA GA 30310",33.7342731,-84.409974,Illegal Destruction,Fine,"Destruction of one 8"" hackberry tree without permit due to the severing of this tree's structural root plate."
4/3/2025,BA-202501438,Arborist Illegal Activity,"644 WEST VALLEY CT NW, ATLANTA GA 30327",33.8743068,-84.41042659,Site Investigation,Fine,"T25, T26, T27, T28, T38, T43, T44, T45 removed without permit, self-reported during review"
4/2/2025,BA-202501396,Arborist Illegal Activity,"617 WOODWARD WAY NW, ATLANTA GA 30327",33.8209276,-84.4081791,Investigation,Fine,"Removal of 4 pines at front without permit, trees were ground prior to inspection."
4/1/2025,BA-202501392,Arborist Illegal Activity,"1776 FRIAR TUCK RD NE, ATLANTA GA 30309",33.8025609,-84.3819787,Illegal Tree Removal,Fine,"Illegal tree removal of (3)Pines of unknown diameter, (1)Magnolia of unknown diameter, and (1)Hardwood of unknown diameter."
4/1/2025,BA-202501389,Arborist Illegal Activity,"1386 WAYNE AVE NE, ATLANTA GA 30306",33.7925003,-84.3596209,Illegal Activity,Fine,"Tree T6 (6"" Japanese Maple) destroyed by the impacts of construction activities outside of the approved LOD."
4/1/2025,BA-202501386,Arborist Illegal Activity,"73 WHITEFOORD AVE SE, ATLANTA GA 30317",33.751293,-84.3422752,Illegal Activity,Fine,"Tree #4, a 14"" Magnolia, was removed without permit application, or issuance. Tree #5, a 30"" Water Oak is now destroyed. A structural root was cut for the unauthorized installation of a wood fence."
4/1/2025,BA-202501370,Arborist Illegal Activity,"658 WEST VALLEY CT NW, ATLANTA GA 30327",33.87388045,-84.41083521,Site Investigation,Fine,"Multiple trees found removed beyond 2 self reported at frontT5, T6, T11, T12, T16, T73 removed as per final plan for new SFRAll replacement trees from new SFR and subdivision LD must be replanted/replaced under this permit as well."
3/28/2025,BA-202501332,Arborist Illegal Activity,"1174 ST CHARLES PL NE, ATLANTA GA 30306",33.7757079,-84.3491614,Illegal Activity,Fine,"8"" Dogwood removed from rear left. 49"" White Oak in rear right was destroyed by removing over 40% of the live canopy. Both were done without permit application, or issuance."
3/28/2025,BA-202501325,Arborist Illegal Activity,"974 ROSEDALE RD NE, ATLANTA GA 30306",33.7811825,-84.3484504,Illegal Activity,Fine,"Illegal destruction of a 27"" Post Oak on the left side of the house. A large structural root cut with a chainsaw."
3/26/2025,BA-202501297,Arborist Illegal Activity,"175 WHITEFOORD AVE SE, ATLANTA GA 30317",33.748629,-84.342366,Illegal Activity,Fine,"36"" Water Oak is destroyed. Over 50% of the canopy was removed without permit application, or issuance. Tree is on the right side of the existing house."
3/26/2025,BA-202501285,Arborist Illegal Activity,"250 ALBERTA DR NE, ATLANTA GA 30305",33.8469068,-84.3795025,Illegal Tree Removal,Issued,Illegal tree removal of (1)Magnolia of unknown diameter.
3/26/2025,BA-202501284,Arborist Illegal Activity,"2763 RAMSGATE NW, ATLANTA GA 30305",33.8301328,-84.3977865,Illegal Tree Removal,Fine,"Illegal tree removal of (1)28"" Pine and (1)9"" Dogwood."
3/26/2025,BA-202501281,Arborist Illegal Activity,"4377 PARAN PL NW, ATLANTA GA 30327",33.875478,-84.4149686,Investigation,Fine,"Multiple trees removed on site, no permit issued, previous application was insufficient for decisionFront right-14"", 18"", 18"", 26"" oaks, 20"" tulip-poplarRear right-24"", 18"", 24"" 33"", 18"", 12"", 18"", 14"", 23"" oak, 24"" tulip-poplar heaving spiked, 9"" sweetgum notchedFront center of house-22"", 23"", 23"" mapleFront- 24"", 22"" oak, 18"", 16"", 18"", 22"" pineStumps pulled out-36"" oak, 21"" oakTotal of 29 trees at 578"""
3/24/2025,BA-202501246,Arborist Illegal Activity,"904 KINGS CT NE, ATLANTA GA 30306",33.7888262,-84.357514,Illegal Activity,Fine,"14"" Poplar destroyed in rear center. Fill soil and boulder retaining wall installed against the trunk of the tree and in the SRP."
3/24/2025,BA-202501225,Arborist Illegal Activity,"849 HIGHLAND TER NE, ATLANTA GA 00000",33.7860426,-84.3594224,Illegal Activity,Fine,"SRP impact to 14"" Japanese Maple in far rear center. Disturbance is 4' away and the SRP damage is visible. Tree is notated as 6/8 Oak on the approved site plan associated with BB-202404860."
3/21/2025,BA-202501193,Arborist Illegal Activity,"3164 HAZELWOOD DR SW, ATLANTA GA 30311",33.727236,-84.491827,Illegal Removal,Fine,"Removal of the following three trees without permit: 24"" hardwood, 18"" hardwood, and 14"" hardwood.This invoice's balance has been adjusted to reflect the COA TCC's decision."
3/20/2025,BA-202501162,Arborist Illegal Activity,"2131 DELANO DR NE, ATLANTA GA 30317",33.7551592,-84.317789,Illegal Activity,Fine,"Tree in rear right, labelled as 13"" on site plan, (associated with BB-20241088) field measured at 16"". SRP visibly damaged. Impact 6'4"" from center of tree. Tree is destroyed."
3/20/2025,BA-202501156,Arborist Illegal Activity,"3945 CLUB DR NE, ATLANTA GA 30319",33.8630574,-84.3524038,Complaint/Investigation,Fine,"Multiple trees removed and stumps ground on siteStreetView shows 1 dogwood at front, right of drive, 1 Japanese maple at front of house, 2 gingko at front right of lot, hardwood at rear right, hardwood at rear left of house6 trees ground, builder is looking for survey to confirm tree sizes"
3/19/2025,BA-202501130,Arborist Illegal Activity,"2803 ALLEGRO DR NW, ATLANTA GA 30318",33.774776,-84.4794671,Investigation,Assigned,"Removal of 1 - 37"" Pine at the front center"
3/18/2025,BA-202501114,Arborist Illegal Activity,"1040 WYLIE ST SE, ATLANTA GA 30316",33.7525948,-84.3530937,Illegal Activity,Fine,"Removal of a 10"" hardwood alongside the rear right property line."
3/11/2025,BA-202500980,Arborist Illegal Activity,"888 NORWOOD RD SE, ATLANTA GA 30315",33.6971818,-84.3604636,Illegal Activity,Fine,Illegal removal of 10 trees of unknown diameter. Most at the rear of the property abutting 877 Lee Andrews.
3/11/2025,BA-202500964,Arborist Illegal Activity,"1682 NORTH AVE NW, ATLANTA GA 30318",33.7678941,-84.4429017,Investigation,Assigned,
3/10/2025,BA-202500960,Arborist Illegal Activity,"1808 LANIER DR SW, ATLANTA GA 30310",33.7056738,-84.4254131,Illegal Removal,Fine,"Removal of the following two private property trees without permit: one 23"" oak and one 21"" oak."
3/10/2025,BA-202500959,Arborist Illegal Activity,"381 CHAPEL ST SW, ATLANTA GA 30313",33.7523671,-84.4006475,Illegal Removal,Fine,"Removal of one 51"" Bois Darc tree without permit at the following land parcel: 14 008400070300."
3/7/2025,BA-202500929,Arborist Illegal Activity,"585 SHERWOOD RD NE, ATLANTA GA 30324",33.7968434,-84.3679858,Illegal Activity,Fine,"The SRP was cut on 23"" Magnolia in the front left for unauthorized driveway replacement. SRP cut on 18"" Hackberry located near the left property line. Tree is located on the neighboring property. The driveway appears closer to the tree than how it is depicted on the plans (BB-202308915)"
3/7/2025,BA-202500921,Arborist Illegal Activity,"1559 PEACHTREE BATTLE AVE NW, ATLANTA GA 30327",33.8272739,-84.4384292,Unpermitted Destruction,Fine,"Multiple trees destroyed at rear and rear left by work and grading within SRP without permit.  16"" magnolia-entire CRZ paved over, patio grouted to trunk16"" oak-flume through SRP36"" oak-trunk damage removing X painted by removing bark, root damage25"" oak-trunk damage removing X painted by removing bark, root damage4 trees at 92"""
3/6/2025,BA-202500905,Arborist Illegal Activity,"538 PARK DR NE, ATLANTA GA 30306",33.7862632,-84.3695101,Illegal Activity,Fine,"Artificial turf installed in the rear yard without permit application, or issuance. The entire critical root zone of a 45"" White Oak on the left of the house was impacted. The tree is now dead."
3/4/2025,BA-202500858,Arborist Illegal Activity,"358 ST JOHNS AVE SW, ATLANTA GA 30315",33.7004699,-84.4009202,Illegal Activity,Fine,"Illegal removal of a 24"" Pine at the front of the property."
3/4/2025,BA-202500856,Arborist Illegal Activity,"1010 PEACHTREE BATTLE CIR NW, ATLANTA GA 30327",33.8232894,-84.4214013,Unpermitted Destruction,Fine,"Unpermitted removal of 23"" beech at rear right of house"
3/3/2025,BA-202500839,Arborist Illegal Activity,"3695 RANDALL MILL RD NW, ATLANTA GA 30327",33.8579027,-84.4210941,Unpermitted Destruction and Removal,Fine,"Unpermitted destruction of multiple trees at front and removal of additional trees beyond permitT192, 193, 195, 196 all destroyed at front by grading and removal of tree protection T52, 53, 54, 55, 57, 62, 98, 184 all removed, shown as saved on site plans for house and pool12 trees at 217"""
2/28/2025,BA-202500808,Arborist Illegal Activity,"3651 RANDALL MILL RD NW, ATLANTA GA 30327",33.8546975,-84.4211827,Unpermitted Destruction,Fine,"Unpermitted destruction of multiple trees with improper tree protection installation26"" pine at front right15"" gingko, 9"" and 9"" dogwoods at front, left of drive8"" sweetgum at rear left of house13"" hickory at rear center21"" sweetgum, 22"" laurel, 7"" holly, 8"" sweetgum, 12"" sweetgum at right property line6"" hardwood, 6"" hardwood, 13"" sweetgum, 25"" pine at rear right"
2/28/2025,BA-202500806,Arborist Illegal Activity,"525 GLEN IRIS DR NE, ATLANTA GA 30308",33.7686027,-84.3675157,Illegal Activity,Fine,"Trees 10, 25, 26, 28, 29, 30, 32, & 33 were removed before permit issuance."
2/26/2025,BA-202500778,Arborist Illegal Activity,"481 WEST KILDARE AVE NW, ATLANTA GA 30318",33.7685847,-84.4870406,Illegal Removal,Fine,Removal of the following two trees without permit: one hardwood of unknown diameter and one pine tree of unknown diameter.
2/26/2025,BA-202500774,Arborist Illegal Activity,"589 SHERWOOD RD NE, ATLANTA GA 30324",33.7969312,-84.3677704,Illegal Tree Destruction,Fine,"Illegal tree destruction of (1)18"" Hackberry."
2/26/2025,BA-202500762,Arborist Illegal Activity,"1330 WEST WESLEY RD NW, ATLANTA GA 30327",33.831568,-84.4313122,Unpermitted Removal,Fine,"Unpermitted removal of multiple trees before permit issuance/applicationT17 (24"" tulip-poplar)T18 (26"" sweetgum)T19 (16"" sweetgum)T29 (28"" pine)T30 (16"" flowering cherry) damaged"
2/25/2025,BA-202500759,Arborist Illegal Activity,"1053 SNYDER ST NW, ATLANTA GA 30318",33.7835453,-84.4017191,Tree Destruction,Assigned,1 -16� Oak at the front right and 1 � 12� Oak at the right side. Trees destroyed by trenching to install underground utility line. All underground utilities were proposed on left side of house and trees were to be saved.
2/24/2025,BA-202500732,Arborist Illegal Activity,"201 HUNTINGTON RD NE, ATLANTA GA 30309",33.8055831,-84.3873632,Illegal Tree Removal,Fine,"Illegal tree removal on(1)23"" HW and (1)24"" HW."
2/24/2025,BA-202500727,Arborist Illegal Activity,"3488 KNOLLWOOD DR NW, ATLANTA GA 30305",33.8501272,-84.3962698,Illegal Tree Destruction,Fine,"Illegal tree destruction of (1)12"" Magnolia."
2/21/2025,BA-202500679,Arborist Illegal Activity,"286 SISSON AVE NE, ATLANTA GA 30317",33.7615213,-84.3148566,Illegal Tree Removal,Fine,"Illegal Tree Removal 1 - 30"" Water Oak in the ROW2 - 35"" S. Red oak in the ROW"
2/20/2025,BA-202500664,Arborist Illegal Activity,"519 WESTMEATH DR SW, ATLANTA GA 30310",33.740918,-84.446072,Illegal Removal & Illegal Destruction,Fine,Removal of one oak tree of unknown diameter and destruction of another oak tree of unknown diameter. This invoice's balance has been adjusted to reflect the COA TCC's decision.
2/18/2025,BA-202500627,Arborist Illegal Activity,"492 MT PARAN RD NW, ATLANTA GA 30327",33.8674492,-84.435963,Unpermitted Removal and Destruction,Fine,"Unpermitted removal of 24"" white oak, 29"" oak, 15"" pine without permitUnpermitted destruction of 24"" oak, 10"" hardwood at right of house by excavation of SRP of tree and noncompliance with tree protection plan as stamped and issuedTotal of 5 trees at 102"""
2/15/2025,BA-202500586,Arborist Illegal Activity,"201 HUNTINGTON RD NE, ATLANTA GA 30309",33.8055831,-84.3873632,Illegal Tree Removal,Fine,"Illegal tree removal of (1)23""� Hardwood, (1)24""� Hardwood, & (1)9""� Hardwood."
2/14/2025,BA-202500570,Arborist Illegal Activity,"2155 VENETIAN DR SW, ATLANTA GA 30311",33.7156102,-84.4587672,Illegal Destruction,Fine,"Destruction of one 33"" White Oak without permit."
2/13/2025,BA-202500562,Arborist Illegal Activity,"715 WEST CONWAY DR NW, ATLANTA GA 30327",33.8664978,-84.4126064,Unpermitted Destruction,Fine,"Tree protection removed at front and left of property, soil grading within tree save/undisturbed areaT58 9"" hickory destroyed by gradingT60 13"" birch and T61 8"" hickory destroyed by gradingT63 (18"" hickory), T64 (24"" pine), T65(7"" oak), T66 (21"" pine), T67 (24"" maple), T68 (32"" pine) removed9 trees at 156"" destroyed or removed"
2/10/2025,BA-202500483,Arborist Illegal Activity,"1096 MCMILLAN ST NW, ATLANTA GA 30318",33.7846901,-84.4043721,Complaint/Investigation,Assigned,
2/7/2025,BA-202500458,Arborist Illegal Activity,"2353 NORTH CIRCLE DR NW, ATLANTA GA 30318",33.7872495,-84.4651001,Tree Destruction,Assigned,"Destruction of 1 - 22"" Tulip Poplar at back right by construction impacts."
2/5/2025,BA-202500429,Arborist Illegal Activity,"1999 WEST WESLEY RD NW, ATLANTA GA 30327",33.8406277,-84.4530208,Work Beyond Previous Permit,Fine,
2/4/2025,BA-202500427,Arborist Illegal Activity,"2019 ARLINGTON CIR NW, ATLANTA GA 30318",33.7712492,-84.4529691,Site Investigation,Assigned,
2/4/2025,BA-202500424,Arborist Illegal Activity,"330 ROBIN HOOD RD NE, ATLANTA GA 30309",33.8007136,-84.3807812,Illegal Tree Removal,Fine,"Illegal tree removal of a 29"" hardwood."
2/4/2025,BA-202500416,Arborist Illegal Activity,"132 CLAIRE DR SE, ATLANTA GA 30315",33.7051648,-84.383792,Complaint/Investigation,Fine,
2/3/2025,BA-202500390,Arborist Illegal Activity,"682 BOULEVARD NE, ATLANTA GA 30308",33.773211,-84.3711945,Illegal Activity,Fine,7 trees of unknown diameter have been removed. There are no remaining trees on the property.
2/3/2025,BA-202500386,Arborist Illegal Activity,"2108 BOLTON RD NW, ATLANTA GA 30318",33.8142525,-84.4379781,Illegal Destruction,Assigned,"Illegal destruction of 1 - 24"" Oak and 1 - 18"" Oak at the back right from pruning in excess of 20%."
2/3/2025,BA-202500379,Arborist Illegal Activity,"1043 AVONDALE AVE SE, ATLANTA GA 30312",33.725999,-84.3626249,Illegal Activity,Fine,"Illegal removal of a 10"" Maple at the front left before posting completion."
1/31/2025,BA-202500367,Arborist Illegal Activity,"139 HUTCHINSON ST NE, ATLANTA GA 30307",33.7574785,-84.3405306,Illegal Activity,Fine,"29, 25, & 40"" trees removed without permit application, or issuance."
1/31/2025,BA-202500357,Arborist Illegal Activity,"4269 WIEUCA RD NE, ATLANTA GA 30342",33.8682251,-84.3722415,Unpermitted Destruction,Fine,"Unpermitted removal of multiple trees on site, work well outside of scope18"", 24"", 6"", 21"", 16"" hardwoods at rear5 trees at 85""  Required replacement of 3 trees at 2.5"" each must be shown on revised plans for restamp and will be required at final, cannot be waived with future revisions"
1/31/2025,BA-202500355,Arborist Illegal Activity,"3511 WOODHAVEN RD NW, ATLANTA GA 30305",33.8505581,-84.3984538,Unpermitted Destruction,Fine,"Unpermitted destruction of T47, 22"" pine by trenching through SRP"
1/30/2025,BA-202500344,Arborist Illegal Activity,"17 ROCKY FORD RD NE, ATLANTA GA 30317",33.7517873,-84.3160891,Illegal Activity,Fine,"16"" Magnolia destroyed by construction activities outside of the approved LOD impacting the CRZ and multiple mechanical injuries on the mainstem. 24"" Pine removed in rear left and 12"" Oak removed from rear right without permit application, or issuance."
1/29/2025,BA-202500315,Arborist Illegal Activity,"1745 SPRINGVIEW RD NW, ATLANTA GA 30314",33.7609887,-84.4442922,Illegal Removal,Fine,"Removal of the following 19 trees: 26"" OAK (T1), 17"" PN (T2), 21"" PN (T3), 23"" PN (T4), 20"" PN (T5), 9"" HW (T6), 14"" HW, (T7), 22"" HW (T8), 13"" HW (T9), 16"" HW (T10), 24"" PN (T11), 29"" OAK (T12), 24"" PN (T13), 18"" PN (T15), 28"" PN (T16), 17"" SG (T21), 23"" PN (T23), one PN of unknown diameter (T24), and one OAK of unknown diameter (T25).Six, of the 25 trees that were removed, were permitted for removal, being: T#20, T#19, T#18, T#14, T#17, and T#22."
1/29/2025,BA-202500304,Arborist Illegal Activity,"1020 FOXCROFT RD NW, ATLANTA GA 30327",33.8552466,-84.4170092,Site Investigation,Fine,"Multiple trees destroyed or removed on site without permit15"", 15"" and 17"" crape myrtles at front cut, no permit foundT38 (10"" hw) not found on siteT40 (34"" oak) has excavation within 5' of trunk, no signs of TPF29"" oak and 10"" hardwood at rear left destroyed by wall within SRP23"" pine and 8"" hardwood removed at left25"" tulip-poplar has excavation and work within SRP at base of wall, prescription required27"" tulip-poplar, 10"" ash, 10"" tulip-poplar, 13"" tulip-poplar at front left of house require prescription and soil removal due to work and soil within SRP, no signs of TPF6 trees removed at 88"", 3 trees at 73"" destroyed, 5 trees require prescription or fines may be charged at final"
1/27/2025,BA-202500286,Arborist Illegal Activity,"4197 NORTH STRATFORD RD NE, ATLANTA GA 30342",33.8677715,-84.3597284,Investigation,Fine,
1/24/2025,BA-202500277,Arborist Illegal Activity,"1850 GREYSTONE RD NW, ATLANTA GA 30318",33.8059382,-84.4072314,Illegal Removal,Assigned,"Illegal removal of 1 -51"" Oak at the front Left"
1/23/2025,BA-202500247,Arborist Illegal Activity,"1059 OGLETHORPE AVE SW, ATLANTA GA 30310",33.7362048,-84.4223539,Complaint/Illegal Activity,Closed - No Violation Found,Cutting down large oak without permit
1/23/2025,BA-202500244,Arborist Illegal Activity,"3024 PEACHTREE RD NE, ATLANTA GA 30305",33.8379689,-84.3811514,Complaint/Investigation,Fine,investigation
1/22/2025,BA-202500230,Arborist Illegal Activity,"1281 AVALON PL NE, ATLANTA GA 30306",33.7911133,-84.3516312,Complaint/Investigation,Closed - No Violation Found,"Illegal tree removal, towards the back of the property on the property line. 2 large or more, cherry laurel. Have before and after"
1/22/2025,BA-202500226,Arborist Illegal Activity,"1670 SOUTH GORDON ST SW, ATLANTA GA 30310",33.7393973,-84.4425379,Illegal Destruction,Fine,"Destruction of one 38” water oak, located at the property’s front right corner, without permit."
1/22/2025,BA-202500222,Arborist Illegal Activity,"1566 OLYMPIAN CIR SW, ATLANTA GA 00000",33.7350829,-84.43903,Illegal Removal,Fine,"Removal of one 30"" pine tree without permit."
1/21/2025,BA-202500212,Arborist Illegal Activity,"3359 MATHIESON DR NE, ATLANTA GA 30305",33.8472088,-84.3755669,Complaint/Investigation,Fine,"Multiple trees removed beyond those permitted19"" and 27"" pine at front right20"" and 24"" pine, 32"" hardwood at front left25"" pine at rear center6"" 10"" and 12"" hardwood, 22"" pine at rear left10 trees at 197"""
1/17/2025,BA-202500173,Arborist Illegal Activity,"2261 PAUL AVE NW, ATLANTA GA 30318",33.8169982,-84.4723169,Illegal Removal,Assigned,"Illegal removal of 1 - 22"" Oak at the front right"
1/17/2025,BA-202500170,Arborist Illegal Activity,"864 AMSTERDAM AVE NE, ATLANTA GA 30306",33.7877544,-84.3589579,Illegal Activity,Fine,"Grading and land disturbance outside of the limits of disturbance impacted over 33% of the net root zone of a 40"" Sweetgum in the front yard."
1/16/2025,BA-202500151,Arborist Illegal Activity,"595 BOULEVARD NE, ATLANTA GA 30308",33.7708941,-84.3716927,Illegal Activity,Fine,"Tree #13, a 30"" hardwood, was removed without permit application, or issuance."
1/15/2025,BA-202500130,Arborist Illegal Activity,"601 HEMLOCK CIR SE, ATLANTA GA 30316",33.737871,-84.3522161,Illegal Removal,Fine,"Removal of a 38"" Oak at the front of the property without a permit."
1/6/2025,BA-202500031,Arborist Illegal Activity,"4051 ANNECY DR SW, ATLANTA GA 30331",33.70352037,-84.52813998,Illegal Removal,Fine,"Removal of the following three trees without permit: 11” HW, 13” PN, & 11” HW."
1/6/2025,BA-202500028,Arborist Illegal Activity,"2410 ST JAMES AVE NW, ATLANTA GA 30318",33.78578518,-84.4685458,Tree Destruction,Assigned,"2 - 24"" HW destroyed at Right side by heavy equipment use in SRP."
1/3/2025,BA-202500017,Arborist Illegal Activity,"558 MORELAND AVE SE, ATLANTA GA 30316",33.7389702,-84.3489774,Illegal Activity,Fine,"Illegal removal/topping of two hardwoods at the rear. 24"" and 20""."
1/2/2025,BA-202500008,Arborist Illegal Activity,"3212 TOWERVIEW DR NE, ATLANTA GA 30324",33.8414365,-84.3535558,Illegal Tree Removal,Fine,"Illegal tree removal 27"" HW and 25"" Pine."
1/2/2025,BA-202500007,Arborist Illegal Activity,"1137 HARDEE ST NE, ATLANTA GA 30307",33.7552381,-84.3505021,Illegal Activity,Fine,"Grading and scraping outside of the approved limits of disturbance causing damage to structural roots on 12"" Oak and 14"" Oak. (trees labelled #2 and 4)."
1/2/2025,BA-202500001,Arborist Illegal Activity,"2331 BOLTON RD NW, ATLANTA GA 30318",33.8147246,-84.4389323,Site Complaint,Assigned,
